<class>
  <keyword> class </keyword>
  <identifier> Bat </identifier>
  <symbol> { </symbol>
  <classVarDec>
    <keyword> field </keyword>
    <keyword> int </keyword>
    <identifier> x </identifier>
    <SYMBOL-Defined> class.x (field int) = 0 </SYMBOL-Defined>
    <symbol> , </symbol>
    <identifier> y </identifier>
    <SYMBOL-Defined> class.y (field int) = 1 </SYMBOL-Defined>
    <symbol> ; </symbol>
  </classVarDec>
  <classVarDec>
    <keyword> field </keyword>
    <keyword> int </keyword>
    <identifier> width </identifier>
    <SYMBOL-Defined> class.width (field int) = 2 </SYMBOL-Defined>
    <symbol> , </symbol>
    <identifier> height </identifier>
    <SYMBOL-Defined> class.height (field int) = 3 </SYMBOL-Defined>
    <symbol> ; </symbol>
  </classVarDec>
  <classVarDec>
    <keyword> field </keyword>
    <keyword> int </keyword>
    <identifier> direction </identifier>
    <SYMBOL-Defined> class.direction (field int) = 4 </SYMBOL-Defined>
    <symbol> ; </symbol>
  </classVarDec>
  <subroutineDec>
    <keyword> constructor </keyword>
    <identifier> Bat </identifier>
    <identifier> new </identifier>
    <symbol> ( </symbol>
    <parameterList>
      <keyword> int </keyword>
      <identifier> Ax </identifier>
      <SYMBOL-Defined> subroutine.Ax (arg int) = 0 </SYMBOL-Defined>
      <symbol> , </symbol>
      <keyword> int </keyword>
      <identifier> Ay </identifier>
      <SYMBOL-Defined> subroutine.Ay (arg int) = 1 </SYMBOL-Defined>
      <symbol> , </symbol>
      <keyword> int </keyword>
      <identifier> Awidth </identifier>
      <SYMBOL-Defined> subroutine.Awidth (arg int) = 2 </SYMBOL-Defined>
      <symbol> , </symbol>
      <keyword> int </keyword>
      <identifier> Aheight </identifier>
      <SYMBOL-Defined> subroutine.Aheight (arg int) = 3 </SYMBOL-Defined>
    </parameterList>
    <symbol> ) </symbol>
    <subroutineBody>
      <symbol> { </symbol>
      <statements>
        <letStatement>
          <keyword> let </keyword>
          <identifier> x </identifier>
          <SYMBOL-Used> class.x (field int) = 0 </SYMBOL-Used>
          <symbol> = </symbol>
          <expression>
            <term>
              <identifier> Ax </identifier>
              <SYMBOL-Used> subroutine.Ax (arg int) = 0 </SYMBOL-Used>
            </term>
          </expression>
          <symbol> ; </symbol>
        </letStatement>
        <letStatement>
          <keyword> let </keyword>
          <identifier> y </identifier>
          <SYMBOL-Used> class.y (field int) = 1 </SYMBOL-Used>
          <symbol> = </symbol>
          <expression>
            <term>
              <identifier> Ay </identifier>
              <SYMBOL-Used> subroutine.Ay (arg int) = 1 </SYMBOL-Used>
            </term>
          </expression>
          <symbol> ; </symbol>
        </letStatement>
        <letStatement>
          <keyword> let </keyword>
          <identifier> width </identifier>
          <SYMBOL-Used> class.width (field int) = 2 </SYMBOL-Used>
          <symbol> = </symbol>
          <expression>
            <term>
              <identifier> Awidth </identifier>
              <SYMBOL-Used> subroutine.Awidth (arg int) = 2 </SYMBOL-Used>
            </term>
          </expression>
          <symbol> ; </symbol>
        </letStatement>
        <letStatement>
          <keyword> let </keyword>
          <identifier> height </identifier>
          <SYMBOL-Used> class.height (field int) = 3 </SYMBOL-Used>
          <symbol> = </symbol>
          <expression>
            <term>
              <identifier> Aheight </identifier>
              <SYMBOL-Used> subroutine.Aheight (arg int) = 3 </SYMBOL-Used>
            </term>
          </expression>
          <symbol> ; </symbol>
        </letStatement>
        <letStatement>
          <keyword> let </keyword>
          <identifier> direction </identifier>
          <SYMBOL-Used> class.direction (field int) = 4 </SYMBOL-Used>
          <symbol> = </symbol>
          <expression>
            <term>
              <integerConstant> 2 </integerConstant>
            </term>
          </expression>
          <symbol> ; </symbol>
        </letStatement>
        <doStatement>
          <keyword> do </keyword>
          <identifier> show </identifier>
          <symbol> ( </symbol>
          <expressionList>
          </expressionList>
          <symbol> ) </symbol>
          <symbol> ; </symbol>
        </doStatement>
        <returnStatement>
          <keyword> return </keyword>
          <expression>
            <term>
              <keyword> this </keyword>
            </term>
          </expression>
          <symbol> ; </symbol>
        </returnStatement>
      </statements>
      <symbol> } </symbol>
    </subroutineBody>
  </subroutineDec>
  <subroutineDec>
    <keyword> method </keyword>
    <keyword> void </keyword>
    <identifier> dispose </identifier>
    <symbol> ( </symbol>
    <parameterList>
    </parameterList>
    <symbol> ) </symbol>
    <subroutineBody>
      <symbol> { </symbol>
      <statements>
        <doStatement>
          <keyword> do </keyword>
          <identifier> Memory </identifier>
          <symbol> . </symbol>
          <identifier> deAlloc </identifier>
          <symbol> ( </symbol>
          <expressionList>
            <expression>
              <term>
                <keyword> this </keyword>
              </term>
            </expression>
          </expressionList>
          <symbol> ) </symbol>
          <symbol> ; </symbol>
        </doStatement>
        <returnStatement>
          <keyword> return </keyword>
          <symbol> ; </symbol>
        </returnStatement>
      </statements>
      <symbol> } </symbol>
    </subroutineBody>
  </subroutineDec>
  <subroutineDec>
    <keyword> method </keyword>
    <keyword> void </keyword>
    <identifier> show </identifier>
    <symbol> ( </symbol>
    <parameterList>
    </parameterList>
    <symbol> ) </symbol>
    <subroutineBody>
      <symbol> { </symbol>
      <statements>
        <doStatement>
          <keyword> do </keyword>
          <identifier> Screen </identifier>
          <symbol> . </symbol>
          <identifier> setColor </identifier>
          <symbol> ( </symbol>
          <expressionList>
            <expression>
              <term>
                <keyword> true </keyword>
              </term>
            </expression>
          </expressionList>
          <symbol> ) </symbol>
          <symbol> ; </symbol>
        </doStatement>
        <doStatement>
          <keyword> do </keyword>
          <identifier> draw </identifier>
          <symbol> ( </symbol>
          <expressionList>
          </expressionList>
          <symbol> ) </symbol>
          <symbol> ; </symbol>
        </doStatement>
        <returnStatement>
          <keyword> return </keyword>
          <symbol> ; </symbol>
        </returnStatement>
      </statements>
      <symbol> } </symbol>
    </subroutineBody>
  </subroutineDec>
  <subroutineDec>
    <keyword> method </keyword>
    <keyword> void </keyword>
    <identifier> hide </identifier>
    <symbol> ( </symbol>
    <parameterList>
    </parameterList>
    <symbol> ) </symbol>
    <subroutineBody>
      <symbol> { </symbol>
      <statements>
        <doStatement>
          <keyword> do </keyword>
          <identifier> Screen </identifier>
          <symbol> . </symbol>
          <identifier> setColor </identifier>
          <symbol> ( </symbol>
          <expressionList>
            <expression>
              <term>
                <keyword> false </keyword>
              </term>
            </expression>
          </expressionList>
          <symbol> ) </symbol>
          <symbol> ; </symbol>
        </doStatement>
        <doStatement>
          <keyword> do </keyword>
          <identifier> draw </identifier>
          <symbol> ( </symbol>
          <expressionList>
          </expressionList>
          <symbol> ) </symbol>
          <symbol> ; </symbol>
        </doStatement>
        <returnStatement>
          <keyword> return </keyword>
          <symbol> ; </symbol>
        </returnStatement>
      </statements>
      <symbol> } </symbol>
    </subroutineBody>
  </subroutineDec>
  <subroutineDec>
    <keyword> method </keyword>
    <keyword> void </keyword>
    <identifier> draw </identifier>
    <symbol> ( </symbol>
    <parameterList>
    </parameterList>
    <symbol> ) </symbol>
    <subroutineBody>
      <symbol> { </symbol>
      <statements>
        <doStatement>
          <keyword> do </keyword>
          <identifier> Screen </identifier>
          <symbol> . </symbol>
          <identifier> drawRectangle </identifier>
          <symbol> ( </symbol>
          <expressionList>
            <expression>
              <term>
                <identifier> x </identifier>
                <SYMBOL-Used> class.x (field int) = 0 </SYMBOL-Used>
              </term>
            </expression>
            <symbol> , </symbol>
            <expression>
              <term>
                <identifier> y </identifier>
                <SYMBOL-Used> class.y (field int) = 1 </SYMBOL-Used>
              </term>
            </expression>
            <symbol> , </symbol>
            <expression>
              <term>
                <identifier> x </identifier>
                <SYMBOL-Used> class.x (field int) = 0 </SYMBOL-Used>
              </term>
              <symbol> + </symbol>
              <term>
                <identifier> width </identifier>
                <SYMBOL-Used> class.width (field int) = 2 </SYMBOL-Used>
              </term>
            </expression>
            <symbol> , </symbol>
            <expression>
              <term>
                <identifier> y </identifier>
                <SYMBOL-Used> class.y (field int) = 1 </SYMBOL-Used>
              </term>
              <symbol> + </symbol>
              <term>
                <identifier> height </identifier>
                <SYMBOL-Used> class.height (field int) = 3 </SYMBOL-Used>
              </term>
            </expression>
          </expressionList>
          <symbol> ) </symbol>
          <symbol> ; </symbol>
        </doStatement>
        <returnStatement>
          <keyword> return </keyword>
          <symbol> ; </symbol>
        </returnStatement>
      </statements>
      <symbol> } </symbol>
    </subroutineBody>
  </subroutineDec>
  <subroutineDec>
    <keyword> method </keyword>
    <keyword> void </keyword>
    <identifier> setDirection </identifier>
    <symbol> ( </symbol>
    <parameterList>
      <keyword> int </keyword>
      <identifier> Adirection </identifier>
      <SYMBOL-Defined> subroutine.Adirection (arg int) = 1 </SYMBOL-Defined>
    </parameterList>
    <symbol> ) </symbol>
    <subroutineBody>
      <symbol> { </symbol>
      <statements>
        <letStatement>
          <keyword> let </keyword>
          <identifier> direction </identifier>
          <SYMBOL-Used> class.direction (field int) = 4 </SYMBOL-Used>
          <symbol> = </symbol>
          <expression>
            <term>
              <identifier> Adirection </identifier>
              <SYMBOL-Used> subroutine.Adirection (arg int) = 1 </SYMBOL-Used>
            </term>
          </expression>
          <symbol> ; </symbol>
        </letStatement>
        <returnStatement>
          <keyword> return </keyword>
          <symbol> ; </symbol>
        </returnStatement>
      </statements>
      <symbol> } </symbol>
    </subroutineBody>
  </subroutineDec>
  <subroutineDec>
    <keyword> method </keyword>
    <keyword> int </keyword>
    <identifier> getLeft </identifier>
    <symbol> ( </symbol>
    <parameterList>
    </parameterList>
    <symbol> ) </symbol>
    <subroutineBody>
      <symbol> { </symbol>
      <statements>
        <returnStatement>
          <keyword> return </keyword>
          <expression>
            <term>
              <identifier> x </identifier>
              <SYMBOL-Used> class.x (field int) = 0 </SYMBOL-Used>
            </term>
          </expression>
          <symbol> ; </symbol>
        </returnStatement>
      </statements>
      <symbol> } </symbol>
    </subroutineBody>
  </subroutineDec>
  <subroutineDec>
    <keyword> method </keyword>
    <keyword> int </keyword>
    <identifier> getRight </identifier>
    <symbol> ( </symbol>
    <parameterList>
    </parameterList>
    <symbol> ) </symbol>
    <subroutineBody>
      <symbol> { </symbol>
      <statements>
        <returnStatement>
          <keyword> return </keyword>
          <expression>
            <term>
              <identifier> x </identifier>
              <SYMBOL-Used> class.x (field int) = 0 </SYMBOL-Used>
            </term>
            <symbol> + </symbol>
            <term>
              <identifier> width </identifier>
              <SYMBOL-Used> class.width (field int) = 2 </SYMBOL-Used>
            </term>
          </expression>
          <symbol> ; </symbol>
        </returnStatement>
      </statements>
      <symbol> } </symbol>
    </subroutineBody>
  </subroutineDec>
  <subroutineDec>
    <keyword> method </keyword>
    <keyword> void </keyword>
    <identifier> setWidth </identifier>
    <symbol> ( </symbol>
    <parameterList>
      <keyword> int </keyword>
      <identifier> Awidth </identifier>
      <SYMBOL-Defined> subroutine.Awidth (arg int) = 1 </SYMBOL-Defined>
    </parameterList>
    <symbol> ) </symbol>
    <subroutineBody>
      <symbol> { </symbol>
      <statements>
        <doStatement>
          <keyword> do </keyword>
          <identifier> hide </identifier>
          <symbol> ( </symbol>
          <expressionList>
          </expressionList>
          <symbol> ) </symbol>
          <symbol> ; </symbol>
        </doStatement>
        <letStatement>
          <keyword> let </keyword>
          <identifier> width </identifier>
          <SYMBOL-Used> class.width (field int) = 2 </SYMBOL-Used>
          <symbol> = </symbol>
          <expression>
            <term>
              <identifier> Awidth </identifier>
              <SYMBOL-Used> subroutine.Awidth (arg int) = 1 </SYMBOL-Used>
            </term>
          </expression>
          <symbol> ; </symbol>
        </letStatement>
        <doStatement>
          <keyword> do </keyword>
          <identifier> show </identifier>
          <symbol> ( </symbol>
          <expressionList>
          </expressionList>
          <symbol> ) </symbol>
          <symbol> ; </symbol>
        </doStatement>
        <returnStatement>
          <keyword> return </keyword>
          <symbol> ; </symbol>
        </returnStatement>
      </statements>
      <symbol> } </symbol>
    </subroutineBody>
  </subroutineDec>
  <subroutineDec>
    <keyword> method </keyword>
    <keyword> void </keyword>
    <identifier> move </identifier>
    <symbol> ( </symbol>
    <parameterList>
    </parameterList>
    <symbol> ) </symbol>
    <subroutineBody>
      <symbol> { </symbol>
      <statements>
        <ifStatement>
          <keyword> if </keyword>
          <symbol> ( </symbol>
          <expression>
            <term>
              <identifier> direction </identifier>
              <SYMBOL-Used> class.direction (field int) = 4 </SYMBOL-Used>
            </term>
            <symbol> = </symbol>
            <term>
              <integerConstant> 1 </integerConstant>
            </term>
          </expression>
          <symbol> ) </symbol>
          <symbol> { </symbol>
          <statements>
            <letStatement>
              <keyword> let </keyword>
              <identifier> x </identifier>
              <SYMBOL-Used> class.x (field int) = 0 </SYMBOL-Used>
              <symbol> = </symbol>
              <expression>
                <term>
                  <identifier> x </identifier>
                  <SYMBOL-Used> class.x (field int) = 0 </SYMBOL-Used>
                </term>
                <symbol> - </symbol>
                <term>
                  <integerConstant> 4 </integerConstant>
                </term>
              </expression>
              <symbol> ; </symbol>
            </letStatement>
            <ifStatement>
              <keyword> if </keyword>
              <symbol> ( </symbol>
              <expression>
                <term>
                  <identifier> x </identifier>
                  <SYMBOL-Used> class.x (field int) = 0 </SYMBOL-Used>
                </term>
                <symbol> &lt; </symbol>
                <term>
                  <integerConstant> 0 </integerConstant>
                </term>
              </expression>
              <symbol> ) </symbol>
              <symbol> { </symbol>
              <statements>
                <letStatement>
                  <keyword> let </keyword>
                  <identifier> x </identifier>
                  <SYMBOL-Used> class.x (field int) = 0 </SYMBOL-Used>
                  <symbol> = </symbol>
                  <expression>
                    <term>
                      <integerConstant> 0 </integerConstant>
                    </term>
                  </expression>
                  <symbol> ; </symbol>
                </letStatement>
              </statements>
              <symbol> } </symbol>
            </ifStatement>
            <doStatement>
              <keyword> do </keyword>
              <identifier> Screen </identifier>
              <symbol> . </symbol>
              <identifier> setColor </identifier>
              <symbol> ( </symbol>
              <expressionList>
                <expression>
                  <term>
                    <keyword> false </keyword>
                  </term>
                </expression>
              </expressionList>
              <symbol> ) </symbol>
              <symbol> ; </symbol>
            </doStatement>
            <doStatement>
              <keyword> do </keyword>
              <identifier> Screen </identifier>
              <symbol> . </symbol>
              <identifier> drawRectangle </identifier>
              <symbol> ( </symbol>
              <expressionList>
                <expression>
                  <term>
                    <symbol> ( </symbol>
                    <expression>
                      <term>
                        <identifier> x </identifier>
                        <SYMBOL-Used> class.x (field int) = 0 </SYMBOL-Used>
                      </term>
                      <symbol> + </symbol>
                      <term>
                        <identifier> width </identifier>
                        <SYMBOL-Used> class.width (field int) = 2 </SYMBOL-Used>
                      </term>
                    </expression>
                    <symbol> ) </symbol>
                  </term>
                  <symbol> + </symbol>
                  <term>
                    <integerConstant> 1 </integerConstant>
                  </term>
                </expression>
                <symbol> , </symbol>
                <expression>
                  <term>
                    <identifier> y </identifier>
                    <SYMBOL-Used> class.y (field int) = 1 </SYMBOL-Used>
                  </term>
                </expression>
                <symbol> , </symbol>
                <expression>
                  <term>
                    <symbol> ( </symbol>
                    <expression>
                      <term>
                        <identifier> x </identifier>
                        <SYMBOL-Used> class.x (field int) = 0 </SYMBOL-Used>
                      </term>
                      <symbol> + </symbol>
                      <term>
                        <identifier> width </identifier>
                        <SYMBOL-Used> class.width (field int) = 2 </SYMBOL-Used>
                      </term>
                    </expression>
                    <symbol> ) </symbol>
                  </term>
                  <symbol> + </symbol>
                  <term>
                    <integerConstant> 4 </integerConstant>
                  </term>
                </expression>
                <symbol> , </symbol>
                <expression>
                  <term>
                    <identifier> y </identifier>
                    <SYMBOL-Used> class.y (field int) = 1 </SYMBOL-Used>
                  </term>
                  <symbol> + </symbol>
                  <term>
                    <identifier> height </identifier>
                    <SYMBOL-Used> class.height (field int) = 3 </SYMBOL-Used>
                  </term>
                </expression>
              </expressionList>
              <symbol> ) </symbol>
              <symbol> ; </symbol>
            </doStatement>
            <doStatement>
              <keyword> do </keyword>
              <identifier> Screen </identifier>
              <symbol> . </symbol>
              <identifier> setColor </identifier>
              <symbol> ( </symbol>
              <expressionList>
                <expression>
                  <term>
                    <keyword> true </keyword>
                  </term>
                </expression>
              </expressionList>
              <symbol> ) </symbol>
              <symbol> ; </symbol>
            </doStatement>
            <doStatement>
              <keyword> do </keyword>
              <identifier> Screen </identifier>
              <symbol> . </symbol>
              <identifier> drawRectangle </identifier>
              <symbol> ( </symbol>
              <expressionList>
                <expression>
                  <term>
                    <identifier> x </identifier>
                    <SYMBOL-Used> class.x (field int) = 0 </SYMBOL-Used>
                  </term>
                </expression>
                <symbol> , </symbol>
                <expression>
                  <term>
                    <identifier> y </identifier>
                    <SYMBOL-Used> class.y (field int) = 1 </SYMBOL-Used>
                  </term>
                </expression>
                <symbol> , </symbol>
                <expression>
                  <term>
                    <identifier> x </identifier>
                    <SYMBOL-Used> class.x (field int) = 0 </SYMBOL-Used>
                  </term>
                  <symbol> + </symbol>
                  <term>
                    <integerConstant> 3 </integerConstant>
                  </term>
                </expression>
                <symbol> , </symbol>
                <expression>
                  <term>
                    <identifier> y </identifier>
                    <SYMBOL-Used> class.y (field int) = 1 </SYMBOL-Used>
                  </term>
                  <symbol> + </symbol>
                  <term>
                    <identifier> height </identifier>
                    <SYMBOL-Used> class.height (field int) = 3 </SYMBOL-Used>
                  </term>
                </expression>
              </expressionList>
              <symbol> ) </symbol>
              <symbol> ; </symbol>
            </doStatement>
          </statements>
          <symbol> } </symbol>
          <keyword> else </keyword>
          <symbol> { </symbol>
          <statements>
            <letStatement>
              <keyword> let </keyword>
              <identifier> x </identifier>
              <SYMBOL-Used> class.x (field int) = 0 </SYMBOL-Used>
              <symbol> = </symbol>
              <expression>
                <term>
                  <identifier> x </identifier>
                  <SYMBOL-Used> class.x (field int) = 0 </SYMBOL-Used>
                </term>
                <symbol> + </symbol>
                <term>
                  <integerConstant> 4 </integerConstant>
                </term>
              </expression>
              <symbol> ; </symbol>
            </letStatement>
            <ifStatement>
              <keyword> if </keyword>
              <symbol> ( </symbol>
              <expression>
                <term>
                  <symbol> ( </symbol>
                  <expression>
                    <term>
                      <identifier> x </identifier>
                      <SYMBOL-Used> class.x (field int) = 0 </SYMBOL-Used>
                    </term>
                    <symbol> + </symbol>
                    <term>
                      <identifier> width </identifier>
                      <SYMBOL-Used> class.width (field int) = 2 </SYMBOL-Used>
                    </term>
                  </expression>
                  <symbol> ) </symbol>
                </term>
                <symbol> &gt; </symbol>
                <term>
                  <integerConstant> 511 </integerConstant>
                </term>
              </expression>
              <symbol> ) </symbol>
              <symbol> { </symbol>
              <statements>
                <letStatement>
                  <keyword> let </keyword>
                  <identifier> x </identifier>
                  <SYMBOL-Used> class.x (field int) = 0 </SYMBOL-Used>
                  <symbol> = </symbol>
                  <expression>
                    <term>
                      <integerConstant> 511 </integerConstant>
                    </term>
                    <symbol> - </symbol>
                    <term>
                      <identifier> width </identifier>
                      <SYMBOL-Used> class.width (field int) = 2 </SYMBOL-Used>
                    </term>
                  </expression>
                  <symbol> ; </symbol>
                </letStatement>
              </statements>
              <symbol> } </symbol>
            </ifStatement>
            <doStatement>
              <keyword> do </keyword>
              <identifier> Screen </identifier>
              <symbol> . </symbol>
              <identifier> setColor </identifier>
              <symbol> ( </symbol>
              <expressionList>
                <expression>
                  <term>
                    <keyword> false </keyword>
                  </term>
                </expression>
              </expressionList>
              <symbol> ) </symbol>
              <symbol> ; </symbol>
            </doStatement>
            <doStatement>
              <keyword> do </keyword>
              <identifier> Screen </identifier>
              <symbol> . </symbol>
              <identifier> drawRectangle </identifier>
              <symbol> ( </symbol>
              <expressionList>
                <expression>
                  <term>
                    <identifier> x </identifier>
                    <SYMBOL-Used> class.x (field int) = 0 </SYMBOL-Used>
                  </term>
                  <symbol> - </symbol>
                  <term>
                    <integerConstant> 4 </integerConstant>
                  </term>
                </expression>
                <symbol> , </symbol>
                <expression>
                  <term>
                    <identifier> y </identifier>
                    <SYMBOL-Used> class.y (field int) = 1 </SYMBOL-Used>
                  </term>
                </expression>
                <symbol> , </symbol>
                <expression>
                  <term>
                    <identifier> x </identifier>
                    <SYMBOL-Used> class.x (field int) = 0 </SYMBOL-Used>
                  </term>
                  <symbol> - </symbol>
                  <term>
                    <integerConstant> 1 </integerConstant>
                  </term>
                </expression>
                <symbol> , </symbol>
                <expression>
                  <term>
                    <identifier> y </identifier>
                    <SYMBOL-Used> class.y (field int) = 1 </SYMBOL-Used>
                  </term>
                  <symbol> + </symbol>
                  <term>
                    <identifier> height </identifier>
                    <SYMBOL-Used> class.height (field int) = 3 </SYMBOL-Used>
                  </term>
                </expression>
              </expressionList>
              <symbol> ) </symbol>
              <symbol> ; </symbol>
            </doStatement>
            <doStatement>
              <keyword> do </keyword>
              <identifier> Screen </identifier>
              <symbol> . </symbol>
              <identifier> setColor </identifier>
              <symbol> ( </symbol>
              <expressionList>
                <expression>
                  <term>
                    <keyword> true </keyword>
                  </term>
                </expression>
              </expressionList>
              <symbol> ) </symbol>
              <symbol> ; </symbol>
            </doStatement>
            <doStatement>
              <keyword> do </keyword>
              <identifier> Screen </identifier>
              <symbol> . </symbol>
              <identifier> drawRectangle </identifier>
              <symbol> ( </symbol>
              <expressionList>
                <expression>
                  <term>
                    <symbol> ( </symbol>
                    <expression>
                      <term>
                        <identifier> x </identifier>
                        <SYMBOL-Used> class.x (field int) = 0 </SYMBOL-Used>
                      </term>
                      <symbol> + </symbol>
                      <term>
                        <identifier> width </identifier>
                        <SYMBOL-Used> class.width (field int) = 2 </SYMBOL-Used>
                      </term>
                    </expression>
                    <symbol> ) </symbol>
                  </term>
                  <symbol> - </symbol>
                  <term>
                    <integerConstant> 3 </integerConstant>
                  </term>
                </expression>
                <symbol> , </symbol>
                <expression>
                  <term>
                    <identifier> y </identifier>
                    <SYMBOL-Used> class.y (field int) = 1 </SYMBOL-Used>
                  </term>
                </expression>
                <symbol> , </symbol>
                <expression>
                  <term>
                    <identifier> x </identifier>
                    <SYMBOL-Used> class.x (field int) = 0 </SYMBOL-Used>
                  </term>
                  <symbol> + </symbol>
                  <term>
                    <identifier> width </identifier>
                    <SYMBOL-Used> class.width (field int) = 2 </SYMBOL-Used>
                  </term>
                </expression>
                <symbol> , </symbol>
                <expression>
                  <term>
                    <identifier> y </identifier>
                    <SYMBOL-Used> class.y (field int) = 1 </SYMBOL-Used>
                  </term>
                  <symbol> + </symbol>
                  <term>
                    <identifier> height </identifier>
                    <SYMBOL-Used> class.height (field int) = 3 </SYMBOL-Used>
                  </term>
                </expression>
              </expressionList>
              <symbol> ) </symbol>
              <symbol> ; </symbol>
            </doStatement>
          </statements>
          <symbol> } </symbol>
        </ifStatement>
        <returnStatement>
          <keyword> return </keyword>
          <symbol> ; </symbol>
        </returnStatement>
      </statements>
      <symbol> } </symbol>
    </subroutineBody>
  </subroutineDec>
  <symbol> } </symbol>
</class>