<class>
  <keyword> class </keyword>
  <identifier> Main </identifier>
  <symbol> { </symbol>
  <subroutineDec>
    <keyword> function </keyword>
    <keyword> void </keyword>
    <identifier> main </identifier>
    <symbol> ( </symbol>
    <parameterList>
    </parameterList>
    <symbol> ) </symbol>
    <subroutineBody>
      <symbol> { </symbol>
      <varDec>
        <keyword> var </keyword>
        <identifier> Array </identifier>
        <identifier> a </identifier>
        <SYMBOL-Defined> subroutine.a (var Array) = 0 </SYMBOL-Defined>
        <symbol> , </symbol>
        <identifier> b </identifier>
        <SYMBOL-Defined> subroutine.b (var Array) = 1 </SYMBOL-Defined>
        <symbol> , </symbol>
        <identifier> c </identifier>
        <SYMBOL-Defined> subroutine.c (var Array) = 2 </SYMBOL-Defined>
        <symbol> ; </symbol>
      </varDec>
      <statements>
        <letStatement>
          <keyword> let </keyword>
          <identifier> a </identifier>
          <symbol> = </symbol>
          <expression>
            <term>
              <identifier> Array </identifier>
              <symbol> . </symbol>
              <identifier> new </identifier>
              <symbol> ( </symbol>
              <expressionList>
                <expression>
                  <term>
                    <integerConstant> 10 </integerConstant>
                  </term>
                </expression>
              </expressionList>
              <symbol> ) </symbol>
            </term>
          </expression>
          <symbol> ; </symbol>
        </letStatement>
        <letStatement>
          <keyword> let </keyword>
          <identifier> b </identifier>
          <symbol> = </symbol>
          <expression>
            <term>
              <identifier> Array </identifier>
              <symbol> . </symbol>
              <identifier> new </identifier>
              <symbol> ( </symbol>
              <expressionList>
                <expression>
                  <term>
                    <integerConstant> 5 </integerConstant>
                  </term>
                </expression>
              </expressionList>
              <symbol> ) </symbol>
            </term>
          </expression>
          <symbol> ; </symbol>
        </letStatement>
        <letStatement>
          <keyword> let </keyword>
          <identifier> c </identifier>
          <symbol> = </symbol>
          <expression>
            <term>
              <identifier> Array </identifier>
              <symbol> . </symbol>
              <identifier> new </identifier>
              <symbol> ( </symbol>
              <expressionList>
                <expression>
                  <term>
                    <integerConstant> 1 </integerConstant>
                  </term>
                </expression>
              </expressionList>
              <symbol> ) </symbol>
            </term>
          </expression>
          <symbol> ; </symbol>
        </letStatement>
        <letStatement>
          <keyword> let </keyword>
          <identifier> a </identifier>
          <symbol> [ </symbol>
          <expression>
            <term>
              <integerConstant> 3 </integerConstant>
            </term>
          </expression>
          <symbol> ] </symbol>
          <symbol> = </symbol>
          <expression>
            <term>
              <integerConstant> 2 </integerConstant>
            </term>
          </expression>
          <symbol> ; </symbol>
        </letStatement>
        <letStatement>
          <keyword> let </keyword>
          <identifier> a </identifier>
          <symbol> [ </symbol>
          <expression>
            <term>
              <integerConstant> 4 </integerConstant>
            </term>
          </expression>
          <symbol> ] </symbol>
          <symbol> = </symbol>
          <expression>
            <term>
              <integerConstant> 8 </integerConstant>
            </term>
          </expression>
          <symbol> ; </symbol>
        </letStatement>
        <letStatement>
          <keyword> let </keyword>
          <identifier> a </identifier>
          <symbol> [ </symbol>
          <expression>
            <term>
              <integerConstant> 5 </integerConstant>
            </term>
          </expression>
          <symbol> ] </symbol>
          <symbol> = </symbol>
          <expression>
            <term>
              <integerConstant> 4 </integerConstant>
            </term>
          </expression>
          <symbol> ; </symbol>
        </letStatement>
        <letStatement>
          <keyword> let </keyword>
          <identifier> b </identifier>
          <symbol> [ </symbol>
          <expression>
            <term>
              <identifier> a </identifier>
              <symbol> [ </symbol>
              <expression>
                <term>
                  <integerConstant> 3 </integerConstant>
                </term>
              </expression>
              <symbol> ] </symbol>
            </term>
          </expression>
          <symbol> ] </symbol>
          <symbol> = </symbol>
          <expression>
            <term>
              <identifier> a </identifier>
              <symbol> [ </symbol>
              <expression>
                <term>
                  <integerConstant> 3 </integerConstant>
                </term>
              </expression>
              <symbol> ] </symbol>
            </term>
            <symbol> + </symbol>
            <term>
              <integerConstant> 3 </integerConstant>
            </term>
          </expression>
          <symbol> ; </symbol>
        </letStatement>
        <letStatement>
          <keyword> let </keyword>
          <identifier> a </identifier>
          <symbol> [ </symbol>
          <expression>
            <term>
              <identifier> b </identifier>
              <symbol> [ </symbol>
              <expression>
                <term>
                  <identifier> a </identifier>
                  <symbol> [ </symbol>
                  <expression>
                    <term>
                      <integerConstant> 3 </integerConstant>
                    </term>
                  </expression>
                  <symbol> ] </symbol>
                </term>
              </expression>
              <symbol> ] </symbol>
            </term>
          </expression>
          <symbol> ] </symbol>
          <symbol> = </symbol>
          <expression>
            <term>
              <identifier> a </identifier>
              <symbol> [ </symbol>
              <expression>
                <term>
                  <identifier> a </identifier>
                  <symbol> [ </symbol>
                  <expression>
                    <term>
                      <integerConstant> 5 </integerConstant>
                    </term>
                  </expression>
                  <symbol> ] </symbol>
                </term>
              </expression>
              <symbol> ] </symbol>
            </term>
            <symbol> * </symbol>
            <term>
              <identifier> b </identifier>
              <symbol> [ </symbol>
              <expression>
                <term>
                  <symbol> ( </symbol>
                  <expression>
                    <term>
                      <symbol> ( </symbol>
                      <expression>
                        <term>
                          <integerConstant> 7 </integerConstant>
                        </term>
                        <symbol> - </symbol>
                        <term>
                          <identifier> a </identifier>
                          <symbol> [ </symbol>
                          <expression>
                            <term>
                              <integerConstant> 3 </integerConstant>
                            </term>
                          </expression>
                          <symbol> ] </symbol>
                        </term>
                      </expression>
                      <symbol> ) </symbol>
                    </term>
                    <symbol> - </symbol>
                    <term>
                      <identifier> Main </identifier>
                      <symbol> . </symbol>
                      <identifier> double </identifier>
                      <symbol> ( </symbol>
                      <expressionList>
                        <expression>
                          <term>
                            <integerConstant> 2 </integerConstant>
                          </term>
                        </expression>
                      </expressionList>
                      <symbol> ) </symbol>
                    </term>
                  </expression>
                  <symbol> ) </symbol>
                </term>
                <symbol> + </symbol>
                <term>
                  <integerConstant> 1 </integerConstant>
                </term>
              </expression>
              <symbol> ] </symbol>
            </term>
          </expression>
          <symbol> ; </symbol>
        </letStatement>
        <letStatement>
          <keyword> let </keyword>
          <identifier> c </identifier>
          <symbol> [ </symbol>
          <expression>
            <term>
              <integerConstant> 0 </integerConstant>
            </term>
          </expression>
          <symbol> ] </symbol>
          <symbol> = </symbol>
          <expression>
            <term>
              <keyword> null </keyword>
            </term>
          </expression>
          <symbol> ; </symbol>
        </letStatement>
        <letStatement>
          <keyword> let </keyword>
          <identifier> c </identifier>
          <symbol> = </symbol>
          <expression>
            <term>
              <identifier> c </identifier>
              <symbol> [ </symbol>
              <expression>
                <term>
                  <integerConstant> 0 </integerConstant>
                </term>
              </expression>
              <symbol> ] </symbol>
            </term>
          </expression>
          <symbol> ; </symbol>
        </letStatement>
        <doStatement>
          <keyword> do </keyword>
          <term>
            <identifier> Output </identifier>
            <symbol> . </symbol>
            <identifier> printString </identifier>
            <symbol> ( </symbol>
            <expressionList>
              <expression>
                <term>
                  <stringConstant> Test 1: expected result: 5; actual result:  </stringConstant>
                </term>
              </expression>
            </expressionList>
            <symbol> ) </symbol>
          </term>
          <symbol> ; </symbol>
        </doStatement>
        <doStatement>
          <keyword> do </keyword>
          <term>
            <identifier> Output </identifier>
            <symbol> . </symbol>
            <identifier> printInt </identifier>
            <symbol> ( </symbol>
            <expressionList>
              <expression>
                <term>
                  <identifier> b </identifier>
                  <symbol> [ </symbol>
                  <expression>
                    <term>
                      <integerConstant> 2 </integerConstant>
                    </term>
                  </expression>
                  <symbol> ] </symbol>
                </term>
              </expression>
            </expressionList>
            <symbol> ) </symbol>
          </term>
          <symbol> ; </symbol>
        </doStatement>
        <doStatement>
          <keyword> do </keyword>
          <term>
            <identifier> Output </identifier>
            <symbol> . </symbol>
            <identifier> println </identifier>
            <symbol> ( </symbol>
            <expressionList>
            </expressionList>
            <symbol> ) </symbol>
          </term>
          <symbol> ; </symbol>
        </doStatement>
        <doStatement>
          <keyword> do </keyword>
          <term>
            <identifier> Output </identifier>
            <symbol> . </symbol>
            <identifier> printString </identifier>
            <symbol> ( </symbol>
            <expressionList>
              <expression>
                <term>
                  <stringConstant> Test 2: expected result: 40; actual result:  </stringConstant>
                </term>
              </expression>
            </expressionList>
            <symbol> ) </symbol>
          </term>
          <symbol> ; </symbol>
        </doStatement>
        <doStatement>
          <keyword> do </keyword>
          <term>
            <identifier> Output </identifier>
            <symbol> . </symbol>
            <identifier> printInt </identifier>
            <symbol> ( </symbol>
            <expressionList>
              <expression>
                <term>
                  <identifier> a </identifier>
                  <symbol> [ </symbol>
                  <expression>
                    <term>
                      <integerConstant> 5 </integerConstant>
                    </term>
                  </expression>
                  <symbol> ] </symbol>
                </term>
              </expression>
            </expressionList>
            <symbol> ) </symbol>
          </term>
          <symbol> ; </symbol>
        </doStatement>
        <doStatement>
          <keyword> do </keyword>
          <term>
            <identifier> Output </identifier>
            <symbol> . </symbol>
            <identifier> println </identifier>
            <symbol> ( </symbol>
            <expressionList>
            </expressionList>
            <symbol> ) </symbol>
          </term>
          <symbol> ; </symbol>
        </doStatement>
        <doStatement>
          <keyword> do </keyword>
          <term>
            <identifier> Output </identifier>
            <symbol> . </symbol>
            <identifier> printString </identifier>
            <symbol> ( </symbol>
            <expressionList>
              <expression>
                <term>
                  <stringConstant> Test 3: expected result: 0; actual result:  </stringConstant>
                </term>
              </expression>
            </expressionList>
            <symbol> ) </symbol>
          </term>
          <symbol> ; </symbol>
        </doStatement>
        <doStatement>
          <keyword> do </keyword>
          <term>
            <identifier> Output </identifier>
            <symbol> . </symbol>
            <identifier> printInt </identifier>
            <symbol> ( </symbol>
            <expressionList>
              <expression>
                <term>
                  <identifier> c </identifier>
                </term>
              </expression>
            </expressionList>
            <symbol> ) </symbol>
          </term>
          <symbol> ; </symbol>
        </doStatement>
        <doStatement>
          <keyword> do </keyword>
          <term>
            <identifier> Output </identifier>
            <symbol> . </symbol>
            <identifier> println </identifier>
            <symbol> ( </symbol>
            <expressionList>
            </expressionList>
            <symbol> ) </symbol>
          </term>
          <symbol> ; </symbol>
        </doStatement>
        <letStatement>
          <keyword> let </keyword>
          <identifier> c </identifier>
          <symbol> = </symbol>
          <expression>
            <term>
              <keyword> null </keyword>
            </term>
          </expression>
          <symbol> ; </symbol>
        </letStatement>
        <ifStatement>
          <keyword> if </keyword>
          <symbol> ( </symbol>
          <expression>
            <term>
              <identifier> c </identifier>
            </term>
            <symbol> = </symbol>
            <term>
              <keyword> null </keyword>
            </term>
          </expression>
          <symbol> ) </symbol>
          <symbol> { </symbol>
          <statements>
            <doStatement>
              <keyword> do </keyword>
              <term>
                <identifier> Main </identifier>
                <symbol> . </symbol>
                <identifier> fill </identifier>
                <symbol> ( </symbol>
                <expressionList>
                  <expression>
                    <term>
                      <identifier> a </identifier>
                    </term>
                  </expression>
                  <symbol> , </symbol>
                  <expression>
                    <term>
                      <integerConstant> 10 </integerConstant>
                    </term>
                  </expression>
                </expressionList>
                <symbol> ) </symbol>
              </term>
              <symbol> ; </symbol>
            </doStatement>
            <letStatement>
              <keyword> let </keyword>
              <identifier> c </identifier>
              <symbol> = </symbol>
              <expression>
                <term>
                  <identifier> a </identifier>
                  <symbol> [ </symbol>
                  <expression>
                    <term>
                      <integerConstant> 3 </integerConstant>
                    </term>
                  </expression>
                  <symbol> ] </symbol>
                </term>
              </expression>
              <symbol> ; </symbol>
            </letStatement>
            <letStatement>
              <keyword> let </keyword>
              <identifier> c </identifier>
              <symbol> [ </symbol>
              <expression>
                <term>
                  <integerConstant> 1 </integerConstant>
                </term>
              </expression>
              <symbol> ] </symbol>
              <symbol> = </symbol>
              <expression>
                <term>
                  <integerConstant> 33 </integerConstant>
                </term>
              </expression>
              <symbol> ; </symbol>
            </letStatement>
            <letStatement>
              <keyword> let </keyword>
              <identifier> c </identifier>
              <symbol> = </symbol>
              <expression>
                <term>
                  <identifier> a </identifier>
                  <symbol> [ </symbol>
                  <expression>
                    <term>
                      <integerConstant> 7 </integerConstant>
                    </term>
                  </expression>
                  <symbol> ] </symbol>
                </term>
              </expression>
              <symbol> ; </symbol>
            </letStatement>
            <letStatement>
              <keyword> let </keyword>
              <identifier> c </identifier>
              <symbol> [ </symbol>
              <expression>
                <term>
                  <integerConstant> 1 </integerConstant>
                </term>
              </expression>
              <symbol> ] </symbol>
              <symbol> = </symbol>
              <expression>
                <term>
                  <integerConstant> 77 </integerConstant>
                </term>
              </expression>
              <symbol> ; </symbol>
            </letStatement>
            <letStatement>
              <keyword> let </keyword>
              <identifier> b </identifier>
              <symbol> = </symbol>
              <expression>
                <term>
                  <identifier> a </identifier>
                  <symbol> [ </symbol>
                  <expression>
                    <term>
                      <integerConstant> 3 </integerConstant>
                    </term>
                  </expression>
                  <symbol> ] </symbol>
                </term>
              </expression>
              <symbol> ; </symbol>
            </letStatement>
            <letStatement>
              <keyword> let </keyword>
              <identifier> b </identifier>
              <symbol> [ </symbol>
              <expression>
                <term>
                  <integerConstant> 1 </integerConstant>
                </term>
              </expression>
              <symbol> ] </symbol>
              <symbol> = </symbol>
              <expression>
                <term>
                  <identifier> b </identifier>
                  <symbol> [ </symbol>
                  <expression>
                    <term>
                      <integerConstant> 1 </integerConstant>
                    </term>
                  </expression>
                  <symbol> ] </symbol>
                </term>
                <symbol> + </symbol>
                <term>
                  <identifier> c </identifier>
                  <symbol> [ </symbol>
                  <expression>
                    <term>
                      <integerConstant> 1 </integerConstant>
                    </term>
                  </expression>
                  <symbol> ] </symbol>
                </term>
              </expression>
              <symbol> ; </symbol>
            </letStatement>
          </statements>
          <symbol> } </symbol>
        </ifStatement>
        <doStatement>
          <keyword> do </keyword>
          <term>
            <identifier> Output </identifier>
            <symbol> . </symbol>
            <identifier> printString </identifier>
            <symbol> ( </symbol>
            <expressionList>
              <expression>
                <term>
                  <stringConstant> Test 4: expected result: 77; actual result:  </stringConstant>
                </term>
              </expression>
            </expressionList>
            <symbol> ) </symbol>
          </term>
          <symbol> ; </symbol>
        </doStatement>
        <doStatement>
          <keyword> do </keyword>
          <term>
            <identifier> Output </identifier>
            <symbol> . </symbol>
            <identifier> printInt </identifier>
            <symbol> ( </symbol>
            <expressionList>
              <expression>
                <term>
                  <identifier> c </identifier>
                  <symbol> [ </symbol>
                  <expression>
                    <term>
                      <integerConstant> 1 </integerConstant>
                    </term>
                  </expression>
                  <symbol> ] </symbol>
                </term>
              </expression>
            </expressionList>
            <symbol> ) </symbol>
          </term>
          <symbol> ; </symbol>
        </doStatement>
        <doStatement>
          <keyword> do </keyword>
          <term>
            <identifier> Output </identifier>
            <symbol> . </symbol>
            <identifier> println </identifier>
            <symbol> ( </symbol>
            <expressionList>
            </expressionList>
            <symbol> ) </symbol>
          </term>
          <symbol> ; </symbol>
        </doStatement>
        <doStatement>
          <keyword> do </keyword>
          <term>
            <identifier> Output </identifier>
            <symbol> . </symbol>
            <identifier> printString </identifier>
            <symbol> ( </symbol>
            <expressionList>
              <expression>
                <term>
                  <stringConstant> Test 5: expected result: 110; actual result:  </stringConstant>
                </term>
              </expression>
            </expressionList>
            <symbol> ) </symbol>
          </term>
          <symbol> ; </symbol>
        </doStatement>
        <doStatement>
          <keyword> do </keyword>
          <term>
            <identifier> Output </identifier>
            <symbol> . </symbol>
            <identifier> printInt </identifier>
            <symbol> ( </symbol>
            <expressionList>
              <expression>
                <term>
                  <identifier> b </identifier>
                  <symbol> [ </symbol>
                  <expression>
                    <term>
                      <integerConstant> 1 </integerConstant>
                    </term>
                  </expression>
                  <symbol> ] </symbol>
                </term>
              </expression>
            </expressionList>
            <symbol> ) </symbol>
          </term>
          <symbol> ; </symbol>
        </doStatement>
        <doStatement>
          <keyword> do </keyword>
          <term>
            <identifier> Output </identifier>
            <symbol> . </symbol>
            <identifier> println </identifier>
            <symbol> ( </symbol>
            <expressionList>
            </expressionList>
            <symbol> ) </symbol>
          </term>
          <symbol> ; </symbol>
        </doStatement>
        <returnStatement>
          <keyword> return </keyword>
          <symbol> ; </symbol>
        </returnStatement>
      </statements>
      <symbol> } </symbol>
    </subroutineBody>
  </subroutineDec>
  <subroutineDec>
    <keyword> function </keyword>
    <keyword> int </keyword>
    <identifier> double </identifier>
    <symbol> ( </symbol>
    <parameterList>
      <keyword> int </keyword>
      <identifier> a </identifier>
    </parameterList>
    <symbol> ) </symbol>
    <subroutineBody>
      <symbol> { </symbol>
      <statements>
        <returnStatement>
          <keyword> return </keyword>
          <expression>
            <term>
              <identifier> a </identifier>
            </term>
            <symbol> * </symbol>
            <term>
              <integerConstant> 2 </integerConstant>
            </term>
          </expression>
          <symbol> ; </symbol>
        </returnStatement>
      </statements>
      <symbol> } </symbol>
    </subroutineBody>
  </subroutineDec>
  <subroutineDec>
    <keyword> function </keyword>
    <keyword> void </keyword>
    <identifier> fill </identifier>
    <symbol> ( </symbol>
    <parameterList>
      <identifier> Array </identifier>
      <identifier> a </identifier>
      <symbol> , </symbol>
      <keyword> int </keyword>
      <identifier> size </identifier>
    </parameterList>
    <symbol> ) </symbol>
    <subroutineBody>
      <symbol> { </symbol>
      <statements>
        <whileStatement>
          <keyword> while </keyword>
          <symbol> ( </symbol>
          <expression>
            <term>
              <identifier> size </identifier>
            </term>
            <symbol> &gt; </symbol>
            <term>
              <integerConstant> 0 </integerConstant>
            </term>
          </expression>
          <symbol> ) </symbol>
          <symbol> { </symbol>
          <statements>
            <letStatement>
              <keyword> let </keyword>
              <identifier> size </identifier>
              <symbol> = </symbol>
              <expression>
                <term>
                  <identifier> size </identifier>
                </term>
                <symbol> - </symbol>
                <term>
                  <integerConstant> 1 </integerConstant>
                </term>
              </expression>
              <symbol> ; </symbol>
            </letStatement>
            <letStatement>
              <keyword> let </keyword>
              <identifier> a </identifier>
              <symbol> [ </symbol>
              <expression>
                <term>
                  <identifier> size </identifier>
                </term>
              </expression>
              <symbol> ] </symbol>
              <symbol> = </symbol>
              <expression>
                <term>
                  <identifier> Array </identifier>
                  <symbol> . </symbol>
                  <identifier> new </identifier>
                  <symbol> ( </symbol>
                  <expressionList>
                    <expression>
                      <term>
                        <integerConstant> 3 </integerConstant>
                      </term>
                    </expression>
                  </expressionList>
                  <symbol> ) </symbol>
                </term>
              </expression>
              <symbol> ; </symbol>
            </letStatement>
          </statements>
          <symbol> } </symbol>
        </whileStatement>
        <returnStatement>
          <keyword> return </keyword>
          <symbol> ; </symbol>
        </returnStatement>
      </statements>
      <symbol> } </symbol>
    </subroutineBody>
  </subroutineDec>
  <symbol> } </symbol>
</class>