<class>
  <keyword> class </keyword>
  <identifier> Ball </identifier>
  <symbol> { </symbol>
  <classVarDec>
    <keyword> field </keyword>
    <keyword> int </keyword>
    <identifier> x </identifier>
    <SYMBOL-Defined> class.x (field int) = 0 </SYMBOL-Defined>
    <symbol> , </symbol>
    <identifier> y </identifier>
    <SYMBOL-Defined> class.y (field int) = 1 </SYMBOL-Defined>
    <symbol> ; </symbol>
  </classVarDec>
  <classVarDec>
    <keyword> field </keyword>
    <keyword> int </keyword>
    <identifier> lengthx </identifier>
    <SYMBOL-Defined> class.lengthx (field int) = 2 </SYMBOL-Defined>
    <symbol> , </symbol>
    <identifier> lengthy </identifier>
    <SYMBOL-Defined> class.lengthy (field int) = 3 </SYMBOL-Defined>
    <symbol> ; </symbol>
  </classVarDec>
  <classVarDec>
    <keyword> field </keyword>
    <keyword> int </keyword>
    <identifier> d </identifier>
    <SYMBOL-Defined> class.d (field int) = 4 </SYMBOL-Defined>
    <symbol> , </symbol>
    <identifier> straightD </identifier>
    <SYMBOL-Defined> class.straightD (field int) = 5 </SYMBOL-Defined>
    <symbol> , </symbol>
    <identifier> diagonalD </identifier>
    <SYMBOL-Defined> class.diagonalD (field int) = 6 </SYMBOL-Defined>
    <symbol> ; </symbol>
  </classVarDec>
  <classVarDec>
    <keyword> field </keyword>
    <keyword> boolean </keyword>
    <identifier> invert </identifier>
    <SYMBOL-Defined> class.invert (field boolean) = 7 </SYMBOL-Defined>
    <symbol> , </symbol>
    <identifier> positivex </identifier>
    <SYMBOL-Defined> class.positivex (field boolean) = 8 </SYMBOL-Defined>
    <symbol> , </symbol>
    <identifier> positivey </identifier>
    <SYMBOL-Defined> class.positivey (field boolean) = 9 </SYMBOL-Defined>
    <symbol> ; </symbol>
  </classVarDec>
  <classVarDec>
    <keyword> field </keyword>
    <keyword> int </keyword>
    <identifier> leftWall </identifier>
    <SYMBOL-Defined> class.leftWall (field int) = 10 </SYMBOL-Defined>
    <symbol> , </symbol>
    <identifier> rightWall </identifier>
    <SYMBOL-Defined> class.rightWall (field int) = 11 </SYMBOL-Defined>
    <symbol> , </symbol>
    <identifier> topWall </identifier>
    <SYMBOL-Defined> class.topWall (field int) = 12 </SYMBOL-Defined>
    <symbol> , </symbol>
    <identifier> bottomWall </identifier>
    <SYMBOL-Defined> class.bottomWall (field int) = 13 </SYMBOL-Defined>
    <symbol> ; </symbol>
  </classVarDec>
  <classVarDec>
    <keyword> field </keyword>
    <keyword> int </keyword>
    <identifier> wall </identifier>
    <SYMBOL-Defined> class.wall (field int) = 14 </SYMBOL-Defined>
    <symbol> ; </symbol>
  </classVarDec>
  <subroutineDec>
    <keyword> constructor </keyword>
    <identifier> Ball </identifier>
    <identifier> new </identifier>
    <symbol> ( </symbol>
    <parameterList>
      <keyword> int </keyword>
      <identifier> Ax </identifier>
      <SYMBOL-Defined> subroutine.Ax (arg int) = 0 </SYMBOL-Defined>
      <symbol> , </symbol>
      <keyword> int </keyword>
      <identifier> Ay </identifier>
      <SYMBOL-Defined> subroutine.Ay (arg int) = 1 </SYMBOL-Defined>
      <symbol> , </symbol>
      <keyword> int </keyword>
      <identifier> AleftWall </identifier>
      <SYMBOL-Defined> subroutine.AleftWall (arg int) = 2 </SYMBOL-Defined>
      <symbol> , </symbol>
      <keyword> int </keyword>
      <identifier> ArightWall </identifier>
      <SYMBOL-Defined> subroutine.ArightWall (arg int) = 3 </SYMBOL-Defined>
      <symbol> , </symbol>
      <keyword> int </keyword>
      <identifier> AtopWall </identifier>
      <SYMBOL-Defined> subroutine.AtopWall (arg int) = 4 </SYMBOL-Defined>
      <symbol> , </symbol>
      <keyword> int </keyword>
      <identifier> AbottomWall </identifier>
      <SYMBOL-Defined> subroutine.AbottomWall (arg int) = 5 </SYMBOL-Defined>
    </parameterList>
    <symbol> ) </symbol>
    <subroutineBody>
      <symbol> { </symbol>
      <statements>
        <letStatement>
          <keyword> let </keyword>
          <identifier> x </identifier>
          <SYMBOL-Used> class.x (field int) = 0 </SYMBOL-Used>
          <symbol> = </symbol>
          <expression>
            <term>
              <identifier> Ax </identifier>
              <SYMBOL-Used> subroutine.Ax (arg int) = 0 </SYMBOL-Used>
            </term>
          </expression>
          <symbol> ; </symbol>
        </letStatement>
        <letStatement>
          <keyword> let </keyword>
          <identifier> y </identifier>
          <SYMBOL-Used> class.y (field int) = 1 </SYMBOL-Used>
          <symbol> = </symbol>
          <expression>
            <term>
              <identifier> Ay </identifier>
              <SYMBOL-Used> subroutine.Ay (arg int) = 1 </SYMBOL-Used>
            </term>
          </expression>
          <symbol> ; </symbol>
        </letStatement>
        <letStatement>
          <keyword> let </keyword>
          <identifier> leftWall </identifier>
          <SYMBOL-Used> class.leftWall (field int) = 10 </SYMBOL-Used>
          <symbol> = </symbol>
          <expression>
            <term>
              <identifier> AleftWall </identifier>
              <SYMBOL-Used> subroutine.AleftWall (arg int) = 2 </SYMBOL-Used>
            </term>
          </expression>
          <symbol> ; </symbol>
        </letStatement>
        <letStatement>
          <keyword> let </keyword>
          <identifier> rightWall </identifier>
          <SYMBOL-Used> class.rightWall (field int) = 11 </SYMBOL-Used>
          <symbol> = </symbol>
          <expression>
            <term>
              <identifier> ArightWall </identifier>
              <SYMBOL-Used> subroutine.ArightWall (arg int) = 3 </SYMBOL-Used>
            </term>
            <symbol> - </symbol>
            <term>
              <integerConstant> 6 </integerConstant>
            </term>
          </expression>
          <symbol> ; </symbol>
        </letStatement>
        <letStatement>
          <keyword> let </keyword>
          <identifier> topWall </identifier>
          <SYMBOL-Used> class.topWall (field int) = 12 </SYMBOL-Used>
          <symbol> = </symbol>
          <expression>
            <term>
              <identifier> AtopWall </identifier>
              <SYMBOL-Used> subroutine.AtopWall (arg int) = 4 </SYMBOL-Used>
            </term>
          </expression>
          <symbol> ; </symbol>
        </letStatement>
        <letStatement>
          <keyword> let </keyword>
          <identifier> bottomWall </identifier>
          <SYMBOL-Used> class.bottomWall (field int) = 13 </SYMBOL-Used>
          <symbol> = </symbol>
          <expression>
            <term>
              <identifier> AbottomWall </identifier>
              <SYMBOL-Used> subroutine.AbottomWall (arg int) = 5 </SYMBOL-Used>
            </term>
            <symbol> - </symbol>
            <term>
              <integerConstant> 6 </integerConstant>
            </term>
          </expression>
          <symbol> ; </symbol>
        </letStatement>
        <letStatement>
          <keyword> let </keyword>
          <identifier> wall </identifier>
          <SYMBOL-Used> class.wall (field int) = 14 </SYMBOL-Used>
          <symbol> = </symbol>
          <expression>
            <term>
              <integerConstant> 0 </integerConstant>
            </term>
          </expression>
          <symbol> ; </symbol>
        </letStatement>
        <doStatement>
          <keyword> do </keyword>
          <identifier> show </identifier>
          <symbol> ( </symbol>
          <expressionList>
          </expressionList>
          <symbol> ) </symbol>
          <symbol> ; </symbol>
        </doStatement>
        <returnStatement>
          <keyword> return </keyword>
          <expression>
            <term>
              <keyword> this </keyword>
            </term>
          </expression>
          <symbol> ; </symbol>
        </returnStatement>
      </statements>
      <symbol> } </symbol>
    </subroutineBody>
  </subroutineDec>
  <subroutineDec>
    <keyword> method </keyword>
    <keyword> void </keyword>
    <identifier> dispose </identifier>
    <symbol> ( </symbol>
    <parameterList>
    </parameterList>
    <symbol> ) </symbol>
    <subroutineBody>
      <symbol> { </symbol>
      <statements>
        <doStatement>
          <keyword> do </keyword>
          <identifier> Memory </identifier>
          <symbol> . </symbol>
          <identifier> deAlloc </identifier>
          <symbol> ( </symbol>
          <expressionList>
            <expression>
              <term>
                <keyword> this </keyword>
              </term>
            </expression>
          </expressionList>
          <symbol> ) </symbol>
          <symbol> ; </symbol>
        </doStatement>
        <returnStatement>
          <keyword> return </keyword>
          <symbol> ; </symbol>
        </returnStatement>
      </statements>
      <symbol> } </symbol>
    </subroutineBody>
  </subroutineDec>
  <subroutineDec>
    <keyword> method </keyword>
    <keyword> void </keyword>
    <identifier> show </identifier>
    <symbol> ( </symbol>
    <parameterList>
    </parameterList>
    <symbol> ) </symbol>
    <subroutineBody>
      <symbol> { </symbol>
      <statements>
        <doStatement>
          <keyword> do </keyword>
          <identifier> Screen </identifier>
          <symbol> . </symbol>
          <identifier> setColor </identifier>
          <symbol> ( </symbol>
          <expressionList>
            <expression>
              <term>
                <keyword> true </keyword>
              </term>
            </expression>
          </expressionList>
          <symbol> ) </symbol>
          <symbol> ; </symbol>
        </doStatement>
        <doStatement>
          <keyword> do </keyword>
          <identifier> draw </identifier>
          <symbol> ( </symbol>
          <expressionList>
          </expressionList>
          <symbol> ) </symbol>
          <symbol> ; </symbol>
        </doStatement>
        <returnStatement>
          <keyword> return </keyword>
          <symbol> ; </symbol>
        </returnStatement>
      </statements>
      <symbol> } </symbol>
    </subroutineBody>
  </subroutineDec>
  <subroutineDec>
    <keyword> method </keyword>
    <keyword> void </keyword>
    <identifier> hide </identifier>
    <symbol> ( </symbol>
    <parameterList>
    </parameterList>
    <symbol> ) </symbol>
    <subroutineBody>
      <symbol> { </symbol>
      <statements>
        <doStatement>
          <keyword> do </keyword>
          <identifier> Screen </identifier>
          <symbol> . </symbol>
          <identifier> setColor </identifier>
          <symbol> ( </symbol>
          <expressionList>
            <expression>
              <term>
                <keyword> false </keyword>
              </term>
            </expression>
          </expressionList>
          <symbol> ) </symbol>
          <symbol> ; </symbol>
        </doStatement>
        <doStatement>
          <keyword> do </keyword>
          <identifier> draw </identifier>
          <symbol> ( </symbol>
          <expressionList>
          </expressionList>
          <symbol> ) </symbol>
          <symbol> ; </symbol>
        </doStatement>
        <returnStatement>
          <keyword> return </keyword>
          <symbol> ; </symbol>
        </returnStatement>
      </statements>
      <symbol> } </symbol>
    </subroutineBody>
  </subroutineDec>
  <subroutineDec>
    <keyword> method </keyword>
    <keyword> void </keyword>
    <identifier> draw </identifier>
    <symbol> ( </symbol>
    <parameterList>
    </parameterList>
    <symbol> ) </symbol>
    <subroutineBody>
      <symbol> { </symbol>
      <statements>
        <doStatement>
          <keyword> do </keyword>
          <identifier> Screen </identifier>
          <symbol> . </symbol>
          <identifier> drawRectangle </identifier>
          <symbol> ( </symbol>
          <expressionList>
            <expression>
              <term>
                <identifier> x </identifier>
                <SYMBOL-Used> class.x (field int) = 0 </SYMBOL-Used>
              </term>
            </expression>
            <symbol> , </symbol>
            <expression>
              <term>
                <identifier> y </identifier>
                <SYMBOL-Used> class.y (field int) = 1 </SYMBOL-Used>
              </term>
            </expression>
            <symbol> , </symbol>
            <expression>
              <term>
                <identifier> x </identifier>
                <SYMBOL-Used> class.x (field int) = 0 </SYMBOL-Used>
              </term>
              <symbol> + </symbol>
              <term>
                <integerConstant> 5 </integerConstant>
              </term>
            </expression>
            <symbol> , </symbol>
            <expression>
              <term>
                <identifier> y </identifier>
                <SYMBOL-Used> class.y (field int) = 1 </SYMBOL-Used>
              </term>
              <symbol> + </symbol>
              <term>
                <integerConstant> 5 </integerConstant>
              </term>
            </expression>
          </expressionList>
          <symbol> ) </symbol>
          <symbol> ; </symbol>
        </doStatement>
        <returnStatement>
          <keyword> return </keyword>
          <symbol> ; </symbol>
        </returnStatement>
      </statements>
      <symbol> } </symbol>
    </subroutineBody>
  </subroutineDec>
  <subroutineDec>
    <keyword> method </keyword>
    <keyword> int </keyword>
    <identifier> getLeft </identifier>
    <symbol> ( </symbol>
    <parameterList>
    </parameterList>
    <symbol> ) </symbol>
    <subroutineBody>
      <symbol> { </symbol>
      <statements>
        <returnStatement>
          <keyword> return </keyword>
          <expression>
            <term>
              <identifier> x </identifier>
              <SYMBOL-Used> class.x (field int) = 0 </SYMBOL-Used>
            </term>
          </expression>
          <symbol> ; </symbol>
        </returnStatement>
      </statements>
      <symbol> } </symbol>
    </subroutineBody>
  </subroutineDec>
  <subroutineDec>
    <keyword> method </keyword>
    <keyword> int </keyword>
    <identifier> getRight </identifier>
    <symbol> ( </symbol>
    <parameterList>
    </parameterList>
    <symbol> ) </symbol>
    <subroutineBody>
      <symbol> { </symbol>
      <statements>
        <returnStatement>
          <keyword> return </keyword>
          <expression>
            <term>
              <identifier> x </identifier>
              <SYMBOL-Used> class.x (field int) = 0 </SYMBOL-Used>
            </term>
            <symbol> + </symbol>
            <term>
              <integerConstant> 5 </integerConstant>
            </term>
          </expression>
          <symbol> ; </symbol>
        </returnStatement>
      </statements>
      <symbol> } </symbol>
    </subroutineBody>
  </subroutineDec>
  <subroutineDec>
    <keyword> method </keyword>
    <keyword> void </keyword>
    <identifier> setDestination </identifier>
    <symbol> ( </symbol>
    <parameterList>
      <keyword> int </keyword>
      <identifier> destx </identifier>
      <SYMBOL-Defined> subroutine.destx (arg int) = 1 </SYMBOL-Defined>
      <symbol> , </symbol>
      <keyword> int </keyword>
      <identifier> desty </identifier>
      <SYMBOL-Defined> subroutine.desty (arg int) = 2 </SYMBOL-Defined>
    </parameterList>
    <symbol> ) </symbol>
    <subroutineBody>
      <symbol> { </symbol>
      <varDec>
        <keyword> var </keyword>
        <keyword> int </keyword>
        <identifier> dx </identifier>
        <SYMBOL-Defined> subroutine.dx (var int) = 0 </SYMBOL-Defined>
        <symbol> , </symbol>
        <identifier> dy </identifier>
        <SYMBOL-Defined> subroutine.dy (var int) = 1 </SYMBOL-Defined>
        <symbol> , </symbol>
        <identifier> temp </identifier>
        <SYMBOL-Defined> subroutine.temp (var int) = 2 </SYMBOL-Defined>
        <symbol> ; </symbol>
      </varDec>
      <statements>
        <letStatement>
          <keyword> let </keyword>
          <identifier> lengthx </identifier>
          <SYMBOL-Used> class.lengthx (field int) = 2 </SYMBOL-Used>
          <symbol> = </symbol>
          <expression>
            <term>
              <identifier> destx </identifier>
              <SYMBOL-Used> subroutine.destx (arg int) = 1 </SYMBOL-Used>
            </term>
            <symbol> - </symbol>
            <term>
              <identifier> x </identifier>
              <SYMBOL-Used> class.x (field int) = 0 </SYMBOL-Used>
            </term>
          </expression>
          <symbol> ; </symbol>
        </letStatement>
        <letStatement>
          <keyword> let </keyword>
          <identifier> lengthy </identifier>
          <SYMBOL-Used> class.lengthy (field int) = 3 </SYMBOL-Used>
          <symbol> = </symbol>
          <expression>
            <term>
              <identifier> desty </identifier>
              <SYMBOL-Used> subroutine.desty (arg int) = 2 </SYMBOL-Used>
            </term>
            <symbol> - </symbol>
            <term>
              <identifier> y </identifier>
              <SYMBOL-Used> class.y (field int) = 1 </SYMBOL-Used>
            </term>
          </expression>
          <symbol> ; </symbol>
        </letStatement>
        <letStatement>
          <keyword> let </keyword>
          <identifier> dx </identifier>
          <SYMBOL-Used> subroutine.dx (var int) = 0 </SYMBOL-Used>
          <symbol> = </symbol>
          <expression>
            <term>
              <identifier> Math </identifier>
              <symbol> . </symbol>
              <identifier> abs </identifier>
              <symbol> ( </symbol>
              <expressionList>
                <expression>
                  <term>
                    <identifier> lengthx </identifier>
                    <SYMBOL-Used> class.lengthx (field int) = 2 </SYMBOL-Used>
                  </term>
                </expression>
              </expressionList>
              <symbol> ) </symbol>
            </term>
          </expression>
          <symbol> ; </symbol>
        </letStatement>
        <letStatement>
          <keyword> let </keyword>
          <identifier> dy </identifier>
          <SYMBOL-Used> subroutine.dy (var int) = 1 </SYMBOL-Used>
          <symbol> = </symbol>
          <expression>
            <term>
              <identifier> Math </identifier>
              <symbol> . </symbol>
              <identifier> abs </identifier>
              <symbol> ( </symbol>
              <expressionList>
                <expression>
                  <term>
                    <identifier> lengthy </identifier>
                    <SYMBOL-Used> class.lengthy (field int) = 3 </SYMBOL-Used>
                  </term>
                </expression>
              </expressionList>
              <symbol> ) </symbol>
            </term>
          </expression>
          <symbol> ; </symbol>
        </letStatement>
        <letStatement>
          <keyword> let </keyword>
          <identifier> invert </identifier>
          <SYMBOL-Used> class.invert (field boolean) = 7 </SYMBOL-Used>
          <symbol> = </symbol>
          <expression>
            <term>
              <symbol> ( </symbol>
              <expression>
                <term>
                  <identifier> dx </identifier>
                  <SYMBOL-Used> subroutine.dx (var int) = 0 </SYMBOL-Used>
                </term>
                <symbol> &lt; </symbol>
                <term>
                  <identifier> dy </identifier>
                  <SYMBOL-Used> subroutine.dy (var int) = 1 </SYMBOL-Used>
                </term>
              </expression>
              <symbol> ) </symbol>
            </term>
          </expression>
          <symbol> ; </symbol>
        </letStatement>
        <ifStatement>
          <keyword> if </keyword>
          <symbol> ( </symbol>
          <expression>
            <term>
              <identifier> invert </identifier>
              <SYMBOL-Used> class.invert (field boolean) = 7 </SYMBOL-Used>
            </term>
          </expression>
          <symbol> ) </symbol>
          <symbol> { </symbol>
          <statements>
            <letStatement>
              <keyword> let </keyword>
              <identifier> temp </identifier>
              <SYMBOL-Used> subroutine.temp (var int) = 2 </SYMBOL-Used>
              <symbol> = </symbol>
              <expression>
                <term>
                  <identifier> dx </identifier>
                  <SYMBOL-Used> subroutine.dx (var int) = 0 </SYMBOL-Used>
                </term>
              </expression>
              <symbol> ; </symbol>
            </letStatement>
            <letStatement>
              <keyword> let </keyword>
              <identifier> dx </identifier>
              <SYMBOL-Used> subroutine.dx (var int) = 0 </SYMBOL-Used>
              <symbol> = </symbol>
              <expression>
                <term>
                  <identifier> dy </identifier>
                  <SYMBOL-Used> subroutine.dy (var int) = 1 </SYMBOL-Used>
                </term>
              </expression>
              <symbol> ; </symbol>
            </letStatement>
            <letStatement>
              <keyword> let </keyword>
              <identifier> dy </identifier>
              <SYMBOL-Used> subroutine.dy (var int) = 1 </SYMBOL-Used>
              <symbol> = </symbol>
              <expression>
                <term>
                  <identifier> temp </identifier>
                  <SYMBOL-Used> subroutine.temp (var int) = 2 </SYMBOL-Used>
                </term>
              </expression>
              <symbol> ; </symbol>
            </letStatement>
            <letStatement>
              <keyword> let </keyword>
              <identifier> positivex </identifier>
              <SYMBOL-Used> class.positivex (field boolean) = 8 </SYMBOL-Used>
              <symbol> = </symbol>
              <expression>
                <term>
                  <symbol> ( </symbol>
                  <expression>
                    <term>
                      <identifier> y </identifier>
                      <SYMBOL-Used> class.y (field int) = 1 </SYMBOL-Used>
                    </term>
                    <symbol> &lt; </symbol>
                    <term>
                      <identifier> desty </identifier>
                      <SYMBOL-Used> subroutine.desty (arg int) = 2 </SYMBOL-Used>
                    </term>
                  </expression>
                  <symbol> ) </symbol>
                </term>
              </expression>
              <symbol> ; </symbol>
            </letStatement>
            <letStatement>
              <keyword> let </keyword>
              <identifier> positivey </identifier>
              <SYMBOL-Used> class.positivey (field boolean) = 9 </SYMBOL-Used>
              <symbol> = </symbol>
              <expression>
                <term>
                  <symbol> ( </symbol>
                  <expression>
                    <term>
                      <identifier> x </identifier>
                      <SYMBOL-Used> class.x (field int) = 0 </SYMBOL-Used>
                    </term>
                    <symbol> &lt; </symbol>
                    <term>
                      <identifier> destx </identifier>
                      <SYMBOL-Used> subroutine.destx (arg int) = 1 </SYMBOL-Used>
                    </term>
                  </expression>
                  <symbol> ) </symbol>
                </term>
              </expression>
              <symbol> ; </symbol>
            </letStatement>
          </statements>
          <symbol> } </symbol>
          <keyword> else </keyword>
          <symbol> { </symbol>
          <statements>
            <letStatement>
              <keyword> let </keyword>
              <identifier> positivex </identifier>
              <SYMBOL-Used> class.positivex (field boolean) = 8 </SYMBOL-Used>
              <symbol> = </symbol>
              <expression>
                <term>
                  <symbol> ( </symbol>
                  <expression>
                    <term>
                      <identifier> x </identifier>
                      <SYMBOL-Used> class.x (field int) = 0 </SYMBOL-Used>
                    </term>
                    <symbol> &lt; </symbol>
                    <term>
                      <identifier> destx </identifier>
                      <SYMBOL-Used> subroutine.destx (arg int) = 1 </SYMBOL-Used>
                    </term>
                  </expression>
                  <symbol> ) </symbol>
                </term>
              </expression>
              <symbol> ; </symbol>
            </letStatement>
            <letStatement>
              <keyword> let </keyword>
              <identifier> positivey </identifier>
              <SYMBOL-Used> class.positivey (field boolean) = 9 </SYMBOL-Used>
              <symbol> = </symbol>
              <expression>
                <term>
                  <symbol> ( </symbol>
                  <expression>
                    <term>
                      <identifier> y </identifier>
                      <SYMBOL-Used> class.y (field int) = 1 </SYMBOL-Used>
                    </term>
                    <symbol> &lt; </symbol>
                    <term>
                      <identifier> desty </identifier>
                      <SYMBOL-Used> subroutine.desty (arg int) = 2 </SYMBOL-Used>
                    </term>
                  </expression>
                  <symbol> ) </symbol>
                </term>
              </expression>
              <symbol> ; </symbol>
            </letStatement>
          </statements>
          <symbol> } </symbol>
        </ifStatement>
        <letStatement>
          <keyword> let </keyword>
          <identifier> d </identifier>
          <SYMBOL-Used> class.d (field int) = 4 </SYMBOL-Used>
          <symbol> = </symbol>
          <expression>
            <term>
              <symbol> ( </symbol>
              <expression>
                <term>
                  <integerConstant> 2 </integerConstant>
                </term>
                <symbol> * </symbol>
                <term>
                  <identifier> dy </identifier>
                  <SYMBOL-Used> subroutine.dy (var int) = 1 </SYMBOL-Used>
                </term>
              </expression>
              <symbol> ) </symbol>
            </term>
            <symbol> - </symbol>
            <term>
              <identifier> dx </identifier>
              <SYMBOL-Used> subroutine.dx (var int) = 0 </SYMBOL-Used>
            </term>
          </expression>
          <symbol> ; </symbol>
        </letStatement>
        <letStatement>
          <keyword> let </keyword>
          <identifier> straightD </identifier>
          <SYMBOL-Used> class.straightD (field int) = 5 </SYMBOL-Used>
          <symbol> = </symbol>
          <expression>
            <term>
              <integerConstant> 2 </integerConstant>
            </term>
            <symbol> * </symbol>
            <term>
              <identifier> dy </identifier>
              <SYMBOL-Used> subroutine.dy (var int) = 1 </SYMBOL-Used>
            </term>
          </expression>
          <symbol> ; </symbol>
        </letStatement>
        <letStatement>
          <keyword> let </keyword>
          <identifier> diagonalD </identifier>
          <SYMBOL-Used> class.diagonalD (field int) = 6 </SYMBOL-Used>
          <symbol> = </symbol>
          <expression>
            <term>
              <integerConstant> 2 </integerConstant>
            </term>
            <symbol> * </symbol>
            <term>
              <symbol> ( </symbol>
              <expression>
                <term>
                  <identifier> dy </identifier>
                  <SYMBOL-Used> subroutine.dy (var int) = 1 </SYMBOL-Used>
                </term>
                <symbol> - </symbol>
                <term>
                  <identifier> dx </identifier>
                  <SYMBOL-Used> subroutine.dx (var int) = 0 </SYMBOL-Used>
                </term>
              </expression>
              <symbol> ) </symbol>
            </term>
          </expression>
          <symbol> ; </symbol>
        </letStatement>
        <returnStatement>
          <keyword> return </keyword>
          <symbol> ; </symbol>
        </returnStatement>
      </statements>
      <symbol> } </symbol>
    </subroutineBody>
  </subroutineDec>
  <subroutineDec>
    <keyword> method </keyword>
    <keyword> int </keyword>
    <identifier> move </identifier>
    <symbol> ( </symbol>
    <parameterList>
    </parameterList>
    <symbol> ) </symbol>
    <subroutineBody>
      <symbol> { </symbol>
      <statements>
        <doStatement>
          <keyword> do </keyword>
          <identifier> hide </identifier>
          <symbol> ( </symbol>
          <expressionList>
          </expressionList>
          <symbol> ) </symbol>
          <symbol> ; </symbol>
        </doStatement>
        <ifStatement>
          <keyword> if </keyword>
          <symbol> ( </symbol>
          <expression>
            <term>
              <identifier> d </identifier>
              <SYMBOL-Used> class.d (field int) = 4 </SYMBOL-Used>
            </term>
            <symbol> &lt; </symbol>
            <term>
              <integerConstant> 0 </integerConstant>
            </term>
          </expression>
          <symbol> ) </symbol>
          <symbol> { </symbol>
          <statements>
            <letStatement>
              <keyword> let </keyword>
              <identifier> d </identifier>
              <SYMBOL-Used> class.d (field int) = 4 </SYMBOL-Used>
              <symbol> = </symbol>
              <expression>
                <term>
                  <identifier> d </identifier>
                  <SYMBOL-Used> class.d (field int) = 4 </SYMBOL-Used>
                </term>
                <symbol> + </symbol>
                <term>
                  <identifier> straightD </identifier>
                  <SYMBOL-Used> class.straightD (field int) = 5 </SYMBOL-Used>
                </term>
              </expression>
              <symbol> ; </symbol>
            </letStatement>
          </statements>
          <symbol> } </symbol>
          <keyword> else </keyword>
          <symbol> { </symbol>
          <statements>
            <letStatement>
              <keyword> let </keyword>
              <identifier> d </identifier>
              <SYMBOL-Used> class.d (field int) = 4 </SYMBOL-Used>
              <symbol> = </symbol>
              <expression>
                <term>
                  <identifier> d </identifier>
                  <SYMBOL-Used> class.d (field int) = 4 </SYMBOL-Used>
                </term>
                <symbol> + </symbol>
                <term>
                  <identifier> diagonalD </identifier>
                  <SYMBOL-Used> class.diagonalD (field int) = 6 </SYMBOL-Used>
                </term>
              </expression>
              <symbol> ; </symbol>
            </letStatement>
            <ifStatement>
              <keyword> if </keyword>
              <symbol> ( </symbol>
              <expression>
                <term>
                  <identifier> positivey </identifier>
                  <SYMBOL-Used> class.positivey (field boolean) = 9 </SYMBOL-Used>
                </term>
              </expression>
              <symbol> ) </symbol>
              <symbol> { </symbol>
              <statements>
                <ifStatement>
                  <keyword> if </keyword>
                  <symbol> ( </symbol>
                  <expression>
                    <term>
                      <identifier> invert </identifier>
                      <SYMBOL-Used> class.invert (field boolean) = 7 </SYMBOL-Used>
                    </term>
                  </expression>
                  <symbol> ) </symbol>
                  <symbol> { </symbol>
                  <statements>
                    <letStatement>
                      <keyword> let </keyword>
                      <identifier> x </identifier>
                      <SYMBOL-Used> class.x (field int) = 0 </SYMBOL-Used>
                      <symbol> = </symbol>
                      <expression>
                        <term>
                          <identifier> x </identifier>
                          <SYMBOL-Used> class.x (field int) = 0 </SYMBOL-Used>
                        </term>
                        <symbol> + </symbol>
                        <term>
                          <integerConstant> 4 </integerConstant>
                        </term>
                      </expression>
                      <symbol> ; </symbol>
                    </letStatement>
                  </statements>
                  <symbol> } </symbol>
                  <keyword> else </keyword>
                  <symbol> { </symbol>
                  <statements>
                    <letStatement>
                      <keyword> let </keyword>
                      <identifier> y </identifier>
                      <SYMBOL-Used> class.y (field int) = 1 </SYMBOL-Used>
                      <symbol> = </symbol>
                      <expression>
                        <term>
                          <identifier> y </identifier>
                          <SYMBOL-Used> class.y (field int) = 1 </SYMBOL-Used>
                        </term>
                        <symbol> + </symbol>
                        <term>
                          <integerConstant> 4 </integerConstant>
                        </term>
                      </expression>
                      <symbol> ; </symbol>
                    </letStatement>
                  </statements>
                  <symbol> } </symbol>
                </ifStatement>
              </statements>
              <symbol> } </symbol>
              <keyword> else </keyword>
              <symbol> { </symbol>
              <statements>
                <ifStatement>
                  <keyword> if </keyword>
                  <symbol> ( </symbol>
                  <expression>
                    <term>
                      <identifier> invert </identifier>
                      <SYMBOL-Used> class.invert (field boolean) = 7 </SYMBOL-Used>
                    </term>
                  </expression>
                  <symbol> ) </symbol>
                  <symbol> { </symbol>
                  <statements>
                    <letStatement>
                      <keyword> let </keyword>
                      <identifier> x </identifier>
                      <SYMBOL-Used> class.x (field int) = 0 </SYMBOL-Used>
                      <symbol> = </symbol>
                      <expression>
                        <term>
                          <identifier> x </identifier>
                          <SYMBOL-Used> class.x (field int) = 0 </SYMBOL-Used>
                        </term>
                        <symbol> - </symbol>
                        <term>
                          <integerConstant> 4 </integerConstant>
                        </term>
                      </expression>
                      <symbol> ; </symbol>
                    </letStatement>
                  </statements>
                  <symbol> } </symbol>
                  <keyword> else </keyword>
                  <symbol> { </symbol>
                  <statements>
                    <letStatement>
                      <keyword> let </keyword>
                      <identifier> y </identifier>
                      <SYMBOL-Used> class.y (field int) = 1 </SYMBOL-Used>
                      <symbol> = </symbol>
                      <expression>
                        <term>
                          <identifier> y </identifier>
                          <SYMBOL-Used> class.y (field int) = 1 </SYMBOL-Used>
                        </term>
                        <symbol> - </symbol>
                        <term>
                          <integerConstant> 4 </integerConstant>
                        </term>
                      </expression>
                      <symbol> ; </symbol>
                    </letStatement>
                  </statements>
                  <symbol> } </symbol>
                </ifStatement>
              </statements>
              <symbol> } </symbol>
            </ifStatement>
          </statements>
          <symbol> } </symbol>
        </ifStatement>
        <ifStatement>
          <keyword> if </keyword>
          <symbol> ( </symbol>
          <expression>
            <term>
              <identifier> positivex </identifier>
              <SYMBOL-Used> class.positivex (field boolean) = 8 </SYMBOL-Used>
            </term>
          </expression>
          <symbol> ) </symbol>
          <symbol> { </symbol>
          <statements>
            <ifStatement>
              <keyword> if </keyword>
              <symbol> ( </symbol>
              <expression>
                <term>
                  <identifier> invert </identifier>
                  <SYMBOL-Used> class.invert (field boolean) = 7 </SYMBOL-Used>
                </term>
              </expression>
              <symbol> ) </symbol>
              <symbol> { </symbol>
              <statements>
                <letStatement>
                  <keyword> let </keyword>
                  <identifier> y </identifier>
                  <SYMBOL-Used> class.y (field int) = 1 </SYMBOL-Used>
                  <symbol> = </symbol>
                  <expression>
                    <term>
                      <identifier> y </identifier>
                      <SYMBOL-Used> class.y (field int) = 1 </SYMBOL-Used>
                    </term>
                    <symbol> + </symbol>
                    <term>
                      <integerConstant> 4 </integerConstant>
                    </term>
                  </expression>
                  <symbol> ; </symbol>
                </letStatement>
              </statements>
              <symbol> } </symbol>
              <keyword> else </keyword>
              <symbol> { </symbol>
              <statements>
                <letStatement>
                  <keyword> let </keyword>
                  <identifier> x </identifier>
                  <SYMBOL-Used> class.x (field int) = 0 </SYMBOL-Used>
                  <symbol> = </symbol>
                  <expression>
                    <term>
                      <identifier> x </identifier>
                      <SYMBOL-Used> class.x (field int) = 0 </SYMBOL-Used>
                    </term>
                    <symbol> + </symbol>
                    <term>
                      <integerConstant> 4 </integerConstant>
                    </term>
                  </expression>
                  <symbol> ; </symbol>
                </letStatement>
              </statements>
              <symbol> } </symbol>
            </ifStatement>
          </statements>
          <symbol> } </symbol>
          <keyword> else </keyword>
          <symbol> { </symbol>
          <statements>
            <ifStatement>
              <keyword> if </keyword>
              <symbol> ( </symbol>
              <expression>
                <term>
                  <identifier> invert </identifier>
                  <SYMBOL-Used> class.invert (field boolean) = 7 </SYMBOL-Used>
                </term>
              </expression>
              <symbol> ) </symbol>
              <symbol> { </symbol>
              <statements>
                <letStatement>
                  <keyword> let </keyword>
                  <identifier> y </identifier>
                  <SYMBOL-Used> class.y (field int) = 1 </SYMBOL-Used>
                  <symbol> = </symbol>
                  <expression>
                    <term>
                      <identifier> y </identifier>
                      <SYMBOL-Used> class.y (field int) = 1 </SYMBOL-Used>
                    </term>
                    <symbol> - </symbol>
                    <term>
                      <integerConstant> 4 </integerConstant>
                    </term>
                  </expression>
                  <symbol> ; </symbol>
                </letStatement>
              </statements>
              <symbol> } </symbol>
              <keyword> else </keyword>
              <symbol> { </symbol>
              <statements>
                <letStatement>
                  <keyword> let </keyword>
                  <identifier> x </identifier>
                  <SYMBOL-Used> class.x (field int) = 0 </SYMBOL-Used>
                  <symbol> = </symbol>
                  <expression>
                    <term>
                      <identifier> x </identifier>
                      <SYMBOL-Used> class.x (field int) = 0 </SYMBOL-Used>
                    </term>
                    <symbol> - </symbol>
                    <term>
                      <integerConstant> 4 </integerConstant>
                    </term>
                  </expression>
                  <symbol> ; </symbol>
                </letStatement>
              </statements>
              <symbol> } </symbol>
            </ifStatement>
          </statements>
          <symbol> } </symbol>
        </ifStatement>
        <ifStatement>
          <keyword> if </keyword>
          <symbol> ( </symbol>
          <expression>
            <term>
              <symbol> ~ </symbol>
              <term>
                <symbol> ( </symbol>
                <expression>
                  <term>
                    <identifier> x </identifier>
                    <SYMBOL-Used> class.x (field int) = 0 </SYMBOL-Used>
                  </term>
                  <symbol> &gt; </symbol>
                  <term>
                    <identifier> leftWall </identifier>
                    <SYMBOL-Used> class.leftWall (field int) = 10 </SYMBOL-Used>
                  </term>
                </expression>
                <symbol> ) </symbol>
              </term>
            </term>
          </expression>
          <symbol> ) </symbol>
          <symbol> { </symbol>
          <statements>
            <letStatement>
              <keyword> let </keyword>
              <identifier> wall </identifier>
              <SYMBOL-Used> class.wall (field int) = 14 </SYMBOL-Used>
              <symbol> = </symbol>
              <expression>
                <term>
                  <integerConstant> 1 </integerConstant>
                </term>
              </expression>
              <symbol> ; </symbol>
            </letStatement>
            <letStatement>
              <keyword> let </keyword>
              <identifier> x </identifier>
              <SYMBOL-Used> class.x (field int) = 0 </SYMBOL-Used>
              <symbol> = </symbol>
              <expression>
                <term>
                  <identifier> leftWall </identifier>
                  <SYMBOL-Used> class.leftWall (field int) = 10 </SYMBOL-Used>
                </term>
              </expression>
              <symbol> ; </symbol>
            </letStatement>
          </statements>
          <symbol> } </symbol>
        </ifStatement>
        <ifStatement>
          <keyword> if </keyword>
          <symbol> ( </symbol>
          <expression>
            <term>
              <symbol> ~ </symbol>
              <term>
                <symbol> ( </symbol>
                <expression>
                  <term>
                    <identifier> x </identifier>
                    <SYMBOL-Used> class.x (field int) = 0 </SYMBOL-Used>
                  </term>
                  <symbol> &lt; </symbol>
                  <term>
                    <identifier> rightWall </identifier>
                    <SYMBOL-Used> class.rightWall (field int) = 11 </SYMBOL-Used>
                  </term>
                </expression>
                <symbol> ) </symbol>
              </term>
            </term>
          </expression>
          <symbol> ) </symbol>
          <symbol> { </symbol>
          <statements>
            <letStatement>
              <keyword> let </keyword>
              <identifier> wall </identifier>
              <SYMBOL-Used> class.wall (field int) = 14 </SYMBOL-Used>
              <symbol> = </symbol>
              <expression>
                <term>
                  <integerConstant> 2 </integerConstant>
                </term>
              </expression>
              <symbol> ; </symbol>
            </letStatement>
            <letStatement>
              <keyword> let </keyword>
              <identifier> x </identifier>
              <SYMBOL-Used> class.x (field int) = 0 </SYMBOL-Used>
              <symbol> = </symbol>
              <expression>
                <term>
                  <identifier> rightWall </identifier>
                  <SYMBOL-Used> class.rightWall (field int) = 11 </SYMBOL-Used>
                </term>
              </expression>
              <symbol> ; </symbol>
            </letStatement>
          </statements>
          <symbol> } </symbol>
        </ifStatement>
        <ifStatement>
          <keyword> if </keyword>
          <symbol> ( </symbol>
          <expression>
            <term>
              <symbol> ~ </symbol>
              <term>
                <symbol> ( </symbol>
                <expression>
                  <term>
                    <identifier> y </identifier>
                    <SYMBOL-Used> class.y (field int) = 1 </SYMBOL-Used>
                  </term>
                  <symbol> &gt; </symbol>
                  <term>
                    <identifier> topWall </identifier>
                    <SYMBOL-Used> class.topWall (field int) = 12 </SYMBOL-Used>
                  </term>
                </expression>
                <symbol> ) </symbol>
              </term>
            </term>
          </expression>
          <symbol> ) </symbol>
          <symbol> { </symbol>
          <statements>
            <letStatement>
              <keyword> let </keyword>
              <identifier> wall </identifier>
              <SYMBOL-Used> class.wall (field int) = 14 </SYMBOL-Used>
              <symbol> = </symbol>
              <expression>
                <term>
                  <integerConstant> 3 </integerConstant>
                </term>
              </expression>
              <symbol> ; </symbol>
            </letStatement>
            <letStatement>
              <keyword> let </keyword>
              <identifier> y </identifier>
              <SYMBOL-Used> class.y (field int) = 1 </SYMBOL-Used>
              <symbol> = </symbol>
              <expression>
                <term>
                  <identifier> topWall </identifier>
                  <SYMBOL-Used> class.topWall (field int) = 12 </SYMBOL-Used>
                </term>
              </expression>
              <symbol> ; </symbol>
            </letStatement>
          </statements>
          <symbol> } </symbol>
        </ifStatement>
        <ifStatement>
          <keyword> if </keyword>
          <symbol> ( </symbol>
          <expression>
            <term>
              <symbol> ~ </symbol>
              <term>
                <symbol> ( </symbol>
                <expression>
                  <term>
                    <identifier> y </identifier>
                    <SYMBOL-Used> class.y (field int) = 1 </SYMBOL-Used>
                  </term>
                  <symbol> &lt; </symbol>
                  <term>
                    <identifier> bottomWall </identifier>
                    <SYMBOL-Used> class.bottomWall (field int) = 13 </SYMBOL-Used>
                  </term>
                </expression>
                <symbol> ) </symbol>
              </term>
            </term>
          </expression>
          <symbol> ) </symbol>
          <symbol> { </symbol>
          <statements>
            <letStatement>
              <keyword> let </keyword>
              <identifier> wall </identifier>
              <SYMBOL-Used> class.wall (field int) = 14 </SYMBOL-Used>
              <symbol> = </symbol>
              <expression>
                <term>
                  <integerConstant> 4 </integerConstant>
                </term>
              </expression>
              <symbol> ; </symbol>
            </letStatement>
            <letStatement>
              <keyword> let </keyword>
              <identifier> y </identifier>
              <SYMBOL-Used> class.y (field int) = 1 </SYMBOL-Used>
              <symbol> = </symbol>
              <expression>
                <term>
                  <identifier> bottomWall </identifier>
                  <SYMBOL-Used> class.bottomWall (field int) = 13 </SYMBOL-Used>
                </term>
              </expression>
              <symbol> ; </symbol>
            </letStatement>
          </statements>
          <symbol> } </symbol>
        </ifStatement>
        <doStatement>
          <keyword> do </keyword>
          <identifier> show </identifier>
          <symbol> ( </symbol>
          <expressionList>
          </expressionList>
          <symbol> ) </symbol>
          <symbol> ; </symbol>
        </doStatement>
        <returnStatement>
          <keyword> return </keyword>
          <expression>
            <term>
              <identifier> wall </identifier>
              <SYMBOL-Used> class.wall (field int) = 14 </SYMBOL-Used>
            </term>
          </expression>
          <symbol> ; </symbol>
        </returnStatement>
      </statements>
      <symbol> } </symbol>
    </subroutineBody>
  </subroutineDec>
  <subroutineDec>
    <keyword> method </keyword>
    <keyword> void </keyword>
    <identifier> bounce </identifier>
    <symbol> ( </symbol>
    <parameterList>
      <keyword> int </keyword>
      <identifier> bouncingDirection </identifier>
      <SYMBOL-Defined> subroutine.bouncingDirection (arg int) = 1 </SYMBOL-Defined>
    </parameterList>
    <symbol> ) </symbol>
    <subroutineBody>
      <symbol> { </symbol>
      <varDec>
        <keyword> var </keyword>
        <keyword> int </keyword>
        <identifier> newx </identifier>
        <SYMBOL-Defined> subroutine.newx (var int) = 0 </SYMBOL-Defined>
        <symbol> , </symbol>
        <identifier> newy </identifier>
        <SYMBOL-Defined> subroutine.newy (var int) = 1 </SYMBOL-Defined>
        <symbol> , </symbol>
        <identifier> divLengthx </identifier>
        <SYMBOL-Defined> subroutine.divLengthx (var int) = 2 </SYMBOL-Defined>
        <symbol> , </symbol>
        <identifier> divLengthy </identifier>
        <SYMBOL-Defined> subroutine.divLengthy (var int) = 3 </SYMBOL-Defined>
        <symbol> , </symbol>
        <identifier> factor </identifier>
        <SYMBOL-Defined> subroutine.factor (var int) = 4 </SYMBOL-Defined>
        <symbol> ; </symbol>
      </varDec>
      <statements>
        <letStatement>
          <keyword> let </keyword>
          <identifier> divLengthx </identifier>
          <SYMBOL-Used> subroutine.divLengthx (var int) = 2 </SYMBOL-Used>
          <symbol> = </symbol>
          <expression>
            <term>
              <identifier> lengthx </identifier>
              <SYMBOL-Used> class.lengthx (field int) = 2 </SYMBOL-Used>
            </term>
            <symbol> / </symbol>
            <term>
              <integerConstant> 10 </integerConstant>
            </term>
          </expression>
          <symbol> ; </symbol>
        </letStatement>
        <letStatement>
          <keyword> let </keyword>
          <identifier> divLengthy </identifier>
          <SYMBOL-Used> subroutine.divLengthy (var int) = 3 </SYMBOL-Used>
          <symbol> = </symbol>
          <expression>
            <term>
              <identifier> lengthy </identifier>
              <SYMBOL-Used> class.lengthy (field int) = 3 </SYMBOL-Used>
            </term>
            <symbol> / </symbol>
            <term>
              <integerConstant> 10 </integerConstant>
            </term>
          </expression>
          <symbol> ; </symbol>
        </letStatement>
        <ifStatement>
          <keyword> if </keyword>
          <symbol> ( </symbol>
          <expression>
            <term>
              <identifier> bouncingDirection </identifier>
              <SYMBOL-Used> subroutine.bouncingDirection (arg int) = 1 </SYMBOL-Used>
            </term>
            <symbol> = </symbol>
            <term>
              <integerConstant> 0 </integerConstant>
            </term>
          </expression>
          <symbol> ) </symbol>
          <symbol> { </symbol>
          <statements>
            <letStatement>
              <keyword> let </keyword>
              <identifier> factor </identifier>
              <SYMBOL-Used> subroutine.factor (var int) = 4 </SYMBOL-Used>
              <symbol> = </symbol>
              <expression>
                <term>
                  <integerConstant> 10 </integerConstant>
                </term>
              </expression>
              <symbol> ; </symbol>
            </letStatement>
          </statements>
          <symbol> } </symbol>
          <keyword> else </keyword>
          <symbol> { </symbol>
          <statements>
            <ifStatement>
              <keyword> if </keyword>
              <symbol> ( </symbol>
              <expression>
                <term>
                  <symbol> ( </symbol>
                  <expression>
                    <term>
                      <symbol> ( </symbol>
                      <expression>
                        <term>
                          <symbol> ~ </symbol>
                          <term>
                            <symbol> ( </symbol>
                            <expression>
                              <term>
                                <identifier> lengthx </identifier>
                                <SYMBOL-Used> class.lengthx (field int) = 2 </SYMBOL-Used>
                              </term>
                              <symbol> &lt; </symbol>
                              <term>
                                <integerConstant> 0 </integerConstant>
                              </term>
                            </expression>
                            <symbol> ) </symbol>
                          </term>
                        </term>
                      </expression>
                      <symbol> ) </symbol>
                    </term>
                    <symbol> &amp; </symbol>
                    <term>
                      <symbol> ( </symbol>
                      <expression>
                        <term>
                          <identifier> bouncingDirection </identifier>
                          <SYMBOL-Used> subroutine.bouncingDirection (arg int) = 1 </SYMBOL-Used>
                        </term>
                        <symbol> = </symbol>
                        <term>
                          <integerConstant> 1 </integerConstant>
                        </term>
                      </expression>
                      <symbol> ) </symbol>
                    </term>
                  </expression>
                  <symbol> ) </symbol>
                </term>
                <symbol> | </symbol>
                <term>
                  <symbol> ( </symbol>
                  <expression>
                    <term>
                      <symbol> ( </symbol>
                      <expression>
                        <term>
                          <identifier> lengthx </identifier>
                          <SYMBOL-Used> class.lengthx (field int) = 2 </SYMBOL-Used>
                        </term>
                        <symbol> &lt; </symbol>
                        <term>
                          <integerConstant> 0 </integerConstant>
                        </term>
                      </expression>
                      <symbol> ) </symbol>
                    </term>
                    <symbol> &amp; </symbol>
                    <term>
                      <symbol> ( </symbol>
                      <expression>
                        <term>
                          <identifier> bouncingDirection </identifier>
                          <SYMBOL-Used> subroutine.bouncingDirection (arg int) = 1 </SYMBOL-Used>
                        </term>
                        <symbol> = </symbol>
                        <term>
                          <symbol> ( </symbol>
                          <expression>
                            <term>
                              <symbol> - </symbol>
                              <term>
                                <integerConstant> 1 </integerConstant>
                              </term>
                            </term>
                          </expression>
                          <symbol> ) </symbol>
                        </term>
                      </expression>
                      <symbol> ) </symbol>
                    </term>
                  </expression>
                  <symbol> ) </symbol>
                </term>
              </expression>
              <symbol> ) </symbol>
              <symbol> { </symbol>
              <statements>
                <letStatement>
                  <keyword> let </keyword>
                  <identifier> factor </identifier>
                  <SYMBOL-Used> subroutine.factor (var int) = 4 </SYMBOL-Used>
                  <symbol> = </symbol>
                  <expression>
                    <term>
                      <integerConstant> 20 </integerConstant>
                    </term>
                  </expression>
                  <symbol> ; </symbol>
                </letStatement>
              </statements>
              <symbol> } </symbol>
              <keyword> else </keyword>
              <symbol> { </symbol>
              <statements>
                <letStatement>
                  <keyword> let </keyword>
                  <identifier> factor </identifier>
                  <SYMBOL-Used> subroutine.factor (var int) = 4 </SYMBOL-Used>
                  <symbol> = </symbol>
                  <expression>
                    <term>
                      <integerConstant> 5 </integerConstant>
                    </term>
                  </expression>
                  <symbol> ; </symbol>
                </letStatement>
              </statements>
              <symbol> } </symbol>
            </ifStatement>
          </statements>
          <symbol> } </symbol>
        </ifStatement>
        <ifStatement>
          <keyword> if </keyword>
          <symbol> ( </symbol>
          <expression>
            <term>
              <identifier> wall </identifier>
              <SYMBOL-Used> class.wall (field int) = 14 </SYMBOL-Used>
            </term>
            <symbol> = </symbol>
            <term>
              <integerConstant> 1 </integerConstant>
            </term>
          </expression>
          <symbol> ) </symbol>
          <symbol> { </symbol>
          <statements>
            <letStatement>
              <keyword> let </keyword>
              <identifier> newx </identifier>
              <SYMBOL-Used> subroutine.newx (var int) = 0 </SYMBOL-Used>
              <symbol> = </symbol>
              <expression>
                <term>
                  <integerConstant> 506 </integerConstant>
                </term>
              </expression>
              <symbol> ; </symbol>
            </letStatement>
            <letStatement>
              <keyword> let </keyword>
              <identifier> newy </identifier>
              <SYMBOL-Used> subroutine.newy (var int) = 1 </SYMBOL-Used>
              <symbol> = </symbol>
              <expression>
                <term>
                  <symbol> ( </symbol>
                  <expression>
                    <term>
                      <identifier> divLengthy </identifier>
                      <SYMBOL-Used> subroutine.divLengthy (var int) = 3 </SYMBOL-Used>
                    </term>
                    <symbol> * </symbol>
                    <term>
                      <symbol> ( </symbol>
                      <expression>
                        <term>
                          <symbol> - </symbol>
                          <term>
                            <integerConstant> 50 </integerConstant>
                          </term>
                        </term>
                      </expression>
                      <symbol> ) </symbol>
                    </term>
                  </expression>
                  <symbol> ) </symbol>
                </term>
                <symbol> / </symbol>
                <term>
                  <identifier> divLengthx </identifier>
                  <SYMBOL-Used> subroutine.divLengthx (var int) = 2 </SYMBOL-Used>
                </term>
              </expression>
              <symbol> ; </symbol>
            </letStatement>
            <letStatement>
              <keyword> let </keyword>
              <identifier> newy </identifier>
              <SYMBOL-Used> subroutine.newy (var int) = 1 </SYMBOL-Used>
              <symbol> = </symbol>
              <expression>
                <term>
                  <identifier> y </identifier>
                  <SYMBOL-Used> class.y (field int) = 1 </SYMBOL-Used>
                </term>
                <symbol> + </symbol>
                <term>
                  <symbol> ( </symbol>
                  <expression>
                    <term>
                      <identifier> newy </identifier>
                      <SYMBOL-Used> subroutine.newy (var int) = 1 </SYMBOL-Used>
                    </term>
                    <symbol> * </symbol>
                    <term>
                      <identifier> factor </identifier>
                      <SYMBOL-Used> subroutine.factor (var int) = 4 </SYMBOL-Used>
                    </term>
                  </expression>
                  <symbol> ) </symbol>
                </term>
              </expression>
              <symbol> ; </symbol>
            </letStatement>
          </statements>
          <symbol> } </symbol>
          <keyword> else </keyword>
          <symbol> { </symbol>
          <statements>
            <ifStatement>
              <keyword> if </keyword>
              <symbol> ( </symbol>
              <expression>
                <term>
                  <identifier> wall </identifier>
                  <SYMBOL-Used> class.wall (field int) = 14 </SYMBOL-Used>
                </term>
                <symbol> = </symbol>
                <term>
                  <integerConstant> 2 </integerConstant>
                </term>
              </expression>
              <symbol> ) </symbol>
              <symbol> { </symbol>
              <statements>
                <letStatement>
                  <keyword> let </keyword>
                  <identifier> newx </identifier>
                  <SYMBOL-Used> subroutine.newx (var int) = 0 </SYMBOL-Used>
                  <symbol> = </symbol>
                  <expression>
                    <term>
                      <integerConstant> 0 </integerConstant>
                    </term>
                  </expression>
                  <symbol> ; </symbol>
                </letStatement>
                <letStatement>
                  <keyword> let </keyword>
                  <identifier> newy </identifier>
                  <SYMBOL-Used> subroutine.newy (var int) = 1 </SYMBOL-Used>
                  <symbol> = </symbol>
                  <expression>
                    <term>
                      <symbol> ( </symbol>
                      <expression>
                        <term>
                          <identifier> divLengthy </identifier>
                          <SYMBOL-Used> subroutine.divLengthy (var int) = 3 </SYMBOL-Used>
                        </term>
                        <symbol> * </symbol>
                        <term>
                          <integerConstant> 50 </integerConstant>
                        </term>
                      </expression>
                      <symbol> ) </symbol>
                    </term>
                    <symbol> / </symbol>
                    <term>
                      <identifier> divLengthx </identifier>
                      <SYMBOL-Used> subroutine.divLengthx (var int) = 2 </SYMBOL-Used>
                    </term>
                  </expression>
                  <symbol> ; </symbol>
                </letStatement>
                <letStatement>
                  <keyword> let </keyword>
                  <identifier> newy </identifier>
                  <SYMBOL-Used> subroutine.newy (var int) = 1 </SYMBOL-Used>
                  <symbol> = </symbol>
                  <expression>
                    <term>
                      <identifier> y </identifier>
                      <SYMBOL-Used> class.y (field int) = 1 </SYMBOL-Used>
                    </term>
                    <symbol> + </symbol>
                    <term>
                      <symbol> ( </symbol>
                      <expression>
                        <term>
                          <identifier> newy </identifier>
                          <SYMBOL-Used> subroutine.newy (var int) = 1 </SYMBOL-Used>
                        </term>
                        <symbol> * </symbol>
                        <term>
                          <identifier> factor </identifier>
                          <SYMBOL-Used> subroutine.factor (var int) = 4 </SYMBOL-Used>
                        </term>
                      </expression>
                      <symbol> ) </symbol>
                    </term>
                  </expression>
                  <symbol> ; </symbol>
                </letStatement>
              </statements>
              <symbol> } </symbol>
              <keyword> else </keyword>
              <symbol> { </symbol>
              <statements>
                <ifStatement>
                  <keyword> if </keyword>
                  <symbol> ( </symbol>
                  <expression>
                    <term>
                      <identifier> wall </identifier>
                      <SYMBOL-Used> class.wall (field int) = 14 </SYMBOL-Used>
                    </term>
                    <symbol> = </symbol>
                    <term>
                      <integerConstant> 3 </integerConstant>
                    </term>
                  </expression>
                  <symbol> ) </symbol>
                  <symbol> { </symbol>
                  <statements>
                    <letStatement>
                      <keyword> let </keyword>
                      <identifier> newy </identifier>
                      <SYMBOL-Used> subroutine.newy (var int) = 1 </SYMBOL-Used>
                      <symbol> = </symbol>
                      <expression>
                        <term>
                          <integerConstant> 250 </integerConstant>
                        </term>
                      </expression>
                      <symbol> ; </symbol>
                    </letStatement>
                    <letStatement>
                      <keyword> let </keyword>
                      <identifier> newx </identifier>
                      <SYMBOL-Used> subroutine.newx (var int) = 0 </SYMBOL-Used>
                      <symbol> = </symbol>
                      <expression>
                        <term>
                          <symbol> ( </symbol>
                          <expression>
                            <term>
                              <identifier> divLengthx </identifier>
                              <SYMBOL-Used> subroutine.divLengthx (var int) = 2 </SYMBOL-Used>
                            </term>
                            <symbol> * </symbol>
                            <term>
                              <symbol> ( </symbol>
                              <expression>
                                <term>
                                  <symbol> - </symbol>
                                  <term>
                                    <integerConstant> 25 </integerConstant>
                                  </term>
                                </term>
                              </expression>
                              <symbol> ) </symbol>
                            </term>
                          </expression>
                          <symbol> ) </symbol>
                        </term>
                        <symbol> / </symbol>
                        <term>
                          <identifier> divLengthy </identifier>
                          <SYMBOL-Used> subroutine.divLengthy (var int) = 3 </SYMBOL-Used>
                        </term>
                      </expression>
                      <symbol> ; </symbol>
                    </letStatement>
                    <letStatement>
                      <keyword> let </keyword>
                      <identifier> newx </identifier>
                      <SYMBOL-Used> subroutine.newx (var int) = 0 </SYMBOL-Used>
                      <symbol> = </symbol>
                      <expression>
                        <term>
                          <identifier> x </identifier>
                          <SYMBOL-Used> class.x (field int) = 0 </SYMBOL-Used>
                        </term>
                        <symbol> + </symbol>
                        <term>
                          <symbol> ( </symbol>
                          <expression>
                            <term>
                              <identifier> newx </identifier>
                              <SYMBOL-Used> subroutine.newx (var int) = 0 </SYMBOL-Used>
                            </term>
                            <symbol> * </symbol>
                            <term>
                              <identifier> factor </identifier>
                              <SYMBOL-Used> subroutine.factor (var int) = 4 </SYMBOL-Used>
                            </term>
                          </expression>
                          <symbol> ) </symbol>
                        </term>
                      </expression>
                      <symbol> ; </symbol>
                    </letStatement>
                  </statements>
                  <symbol> } </symbol>
                  <keyword> else </keyword>
                  <symbol> { </symbol>
                  <statements>
                    <letStatement>
                      <keyword> let </keyword>
                      <identifier> newy </identifier>
                      <SYMBOL-Used> subroutine.newy (var int) = 1 </SYMBOL-Used>
                      <symbol> = </symbol>
                      <expression>
                        <term>
                          <integerConstant> 0 </integerConstant>
                        </term>
                      </expression>
                      <symbol> ; </symbol>
                    </letStatement>
                    <letStatement>
                      <keyword> let </keyword>
                      <identifier> newx </identifier>
                      <SYMBOL-Used> subroutine.newx (var int) = 0 </SYMBOL-Used>
                      <symbol> = </symbol>
                      <expression>
                        <term>
                          <symbol> ( </symbol>
                          <expression>
                            <term>
                              <identifier> divLengthx </identifier>
                              <SYMBOL-Used> subroutine.divLengthx (var int) = 2 </SYMBOL-Used>
                            </term>
                            <symbol> * </symbol>
                            <term>
                              <integerConstant> 25 </integerConstant>
                            </term>
                          </expression>
                          <symbol> ) </symbol>
                        </term>
                        <symbol> / </symbol>
                        <term>
                          <identifier> divLengthy </identifier>
                          <SYMBOL-Used> subroutine.divLengthy (var int) = 3 </SYMBOL-Used>
                        </term>
                      </expression>
                      <symbol> ; </symbol>
                    </letStatement>
                    <letStatement>
                      <keyword> let </keyword>
                      <identifier> newx </identifier>
                      <SYMBOL-Used> subroutine.newx (var int) = 0 </SYMBOL-Used>
                      <symbol> = </symbol>
                      <expression>
                        <term>
                          <identifier> x </identifier>
                          <SYMBOL-Used> class.x (field int) = 0 </SYMBOL-Used>
                        </term>
                        <symbol> + </symbol>
                        <term>
                          <symbol> ( </symbol>
                          <expression>
                            <term>
                              <identifier> newx </identifier>
                              <SYMBOL-Used> subroutine.newx (var int) = 0 </SYMBOL-Used>
                            </term>
                            <symbol> * </symbol>
                            <term>
                              <identifier> factor </identifier>
                              <SYMBOL-Used> subroutine.factor (var int) = 4 </SYMBOL-Used>
                            </term>
                          </expression>
                          <symbol> ) </symbol>
                        </term>
                      </expression>
                      <symbol> ; </symbol>
                    </letStatement>
                  </statements>
                  <symbol> } </symbol>
                </ifStatement>
              </statements>
              <symbol> } </symbol>
            </ifStatement>
          </statements>
          <symbol> } </symbol>
        </ifStatement>
        <doStatement>
          <keyword> do </keyword>
          <identifier> setDestination </identifier>
          <symbol> ( </symbol>
          <expressionList>
            <expression>
              <term>
                <identifier> newx </identifier>
                <SYMBOL-Used> subroutine.newx (var int) = 0 </SYMBOL-Used>
              </term>
            </expression>
            <symbol> , </symbol>
            <expression>
              <term>
                <identifier> newy </identifier>
                <SYMBOL-Used> subroutine.newy (var int) = 1 </SYMBOL-Used>
              </term>
            </expression>
          </expressionList>
          <symbol> ) </symbol>
          <symbol> ; </symbol>
        </doStatement>
        <returnStatement>
          <keyword> return </keyword>
          <symbol> ; </symbol>
        </returnStatement>
      </statements>
      <symbol> } </symbol>
    </subroutineBody>
  </subroutineDec>
  <symbol> } </symbol>
</class>