<class>
  <keyword> class </keyword>
  <identifier> Main </identifier>
  <symbol> { </symbol>
  <subroutineDec>
    <keyword> function </keyword>
    <keyword> void </keyword>
    <identifier> main </identifier>
    <symbol> ( </symbol>
    <parameterList>
    </parameterList>
    <symbol> ) </symbol>
    <subroutineBody>
      <symbol> { </symbol>
      <varDec>
        <keyword> var </keyword>
        <identifier> PongGame </identifier>
        <identifier> game </identifier>
        <SYMBOL-Defined> subroutine.game (var PongGame) = 0 </SYMBOL-Defined>
        <symbol> ; </symbol>
      </varDec>
      <statements>
        <doStatement>
          <keyword> do </keyword>
          <identifier> PongGame </identifier>
          <symbol> . </symbol>
          <identifier> newInstance </identifier>
          <symbol> ( </symbol>
          <expressionList>
          </expressionList>
          <symbol> ) </symbol>
          <symbol> ; </symbol>
        </doStatement>
        <letStatement>
          <keyword> let </keyword>
          <identifier> game </identifier>
          <SYMBOL-Used> subroutine.game (var PongGame) = 0 </SYMBOL-Used>
          <symbol> = </symbol>
          <expression>
            <term>
              <identifier> PongGame </identifier>
              <symbol> . </symbol>
              <identifier> getInstance </identifier>
              <symbol> ( </symbol>
              <expressionList>
              </expressionList>
              <symbol> ) </symbol>
            </term>
          </expression>
          <symbol> ; </symbol>
        </letStatement>
        <doStatement>
          <keyword> do </keyword>
          <identifier> game </identifier>
          <SYMBOL-Used> subroutine.game (var PongGame) = 0 </SYMBOL-Used>
          <symbol> . </symbol>
          <identifier> run </identifier>
          <symbol> ( </symbol>
          <expressionList>
          </expressionList>
          <symbol> ) </symbol>
          <symbol> ; </symbol>
        </doStatement>
        <doStatement>
          <keyword> do </keyword>
          <identifier> game </identifier>
          <SYMBOL-Used> subroutine.game (var PongGame) = 0 </SYMBOL-Used>
          <symbol> . </symbol>
          <identifier> dispose </identifier>
          <symbol> ( </symbol>
          <expressionList>
          </expressionList>
          <symbol> ) </symbol>
          <symbol> ; </symbol>
        </doStatement>
        <returnStatement>
          <keyword> return </keyword>
          <symbol> ; </symbol>
        </returnStatement>
      </statements>
      <symbol> } </symbol>
    </subroutineBody>
  </subroutineDec>
  <symbol> } </symbol>
</class>