<class>
  <keyword> class </keyword>
  <identifier> Main </identifier>
  <symbol> { </symbol>
  <subroutineDec>
    <keyword> function </keyword>
    <keyword> void </keyword>
    <identifier> main </identifier>
    <symbol> ( </symbol>
    <parameterList>
    </parameterList>
    <symbol> ) </symbol>
    <subroutineBody>
      <symbol> { </symbol>
      <varDec>
        <keyword> var </keyword>
        <identifier> Array </identifier>
        <identifier> a </identifier>
        <SYMBOL-Defined> subroutine.a (var Array) = 0 </SYMBOL-Defined>
        <symbol> ; </symbol>
      </varDec>
      <varDec>
        <keyword> var </keyword>
        <keyword> int </keyword>
        <identifier> length </identifier>
        <SYMBOL-Defined> subroutine.length (var int) = 1 </SYMBOL-Defined>
        <symbol> ; </symbol>
      </varDec>
      <varDec>
        <keyword> var </keyword>
        <keyword> int </keyword>
        <identifier> i </identifier>
        <SYMBOL-Defined> subroutine.i (var int) = 2 </SYMBOL-Defined>
        <symbol> , </symbol>
        <identifier> sum </identifier>
        <SYMBOL-Defined> subroutine.sum (var int) = 3 </SYMBOL-Defined>
        <symbol> ; </symbol>
      </varDec>
      <statements>
        <letStatement>
          <keyword> let </keyword>
          <identifier> length </identifier>
          <symbol> = </symbol>
          <expression>
            <term>
              <identifier> Keyboard </identifier>
              <symbol> . </symbol>
              <identifier> readInt </identifier>
              <symbol> ( </symbol>
              <expressionList>
                <expression>
                  <term>
                    <stringConstant> How many numbers?  </stringConstant>
                  </term>
                </expression>
              </expressionList>
              <symbol> ) </symbol>
            </term>
          </expression>
          <symbol> ; </symbol>
        </letStatement>
        <letStatement>
          <keyword> let </keyword>
          <identifier> a </identifier>
          <symbol> = </symbol>
          <expression>
            <term>
              <identifier> Array </identifier>
              <symbol> . </symbol>
              <identifier> new </identifier>
              <symbol> ( </symbol>
              <expressionList>
                <expression>
                  <term>
                    <identifier> length </identifier>
                  </term>
                </expression>
              </expressionList>
              <symbol> ) </symbol>
            </term>
          </expression>
          <symbol> ; </symbol>
        </letStatement>
        <letStatement>
          <keyword> let </keyword>
          <identifier> i </identifier>
          <symbol> = </symbol>
          <expression>
            <term>
              <integerConstant> 0 </integerConstant>
            </term>
          </expression>
          <symbol> ; </symbol>
        </letStatement>
        <whileStatement>
          <keyword> while </keyword>
          <symbol> ( </symbol>
          <expression>
            <term>
              <identifier> i </identifier>
            </term>
            <symbol> &lt; </symbol>
            <term>
              <identifier> length </identifier>
            </term>
          </expression>
          <symbol> ) </symbol>
          <symbol> { </symbol>
          <statements>
            <letStatement>
              <keyword> let </keyword>
              <identifier> a </identifier>
              <symbol> [ </symbol>
              <expression>
                <term>
                  <identifier> i </identifier>
                </term>
              </expression>
              <symbol> ] </symbol>
              <symbol> = </symbol>
              <expression>
                <term>
                  <identifier> Keyboard </identifier>
                  <symbol> . </symbol>
                  <identifier> readInt </identifier>
                  <symbol> ( </symbol>
                  <expressionList>
                    <expression>
                      <term>
                        <stringConstant> Enter a number:  </stringConstant>
                      </term>
                    </expression>
                  </expressionList>
                  <symbol> ) </symbol>
                </term>
              </expression>
              <symbol> ; </symbol>
            </letStatement>
            <letStatement>
              <keyword> let </keyword>
              <identifier> sum </identifier>
              <symbol> = </symbol>
              <expression>
                <term>
                  <identifier> sum </identifier>
                </term>
                <symbol> + </symbol>
                <term>
                  <identifier> a </identifier>
                  <symbol> [ </symbol>
                  <expression>
                    <term>
                      <identifier> i </identifier>
                    </term>
                  </expression>
                  <symbol> ] </symbol>
                </term>
              </expression>
              <symbol> ; </symbol>
            </letStatement>
            <letStatement>
              <keyword> let </keyword>
              <identifier> i </identifier>
              <symbol> = </symbol>
              <expression>
                <term>
                  <identifier> i </identifier>
                </term>
                <symbol> + </symbol>
                <term>
                  <integerConstant> 1 </integerConstant>
                </term>
              </expression>
              <symbol> ; </symbol>
            </letStatement>
          </statements>
          <symbol> } </symbol>
        </whileStatement>
        <doStatement>
          <keyword> do </keyword>
          <term>
            <identifier> Output </identifier>
            <symbol> . </symbol>
            <identifier> printString </identifier>
            <symbol> ( </symbol>
            <expressionList>
              <expression>
                <term>
                  <stringConstant> The average is  </stringConstant>
                </term>
              </expression>
            </expressionList>
            <symbol> ) </symbol>
          </term>
          <symbol> ; </symbol>
        </doStatement>
        <doStatement>
          <keyword> do </keyword>
          <term>
            <identifier> Output </identifier>
            <symbol> . </symbol>
            <identifier> printInt </identifier>
            <symbol> ( </symbol>
            <expressionList>
              <expression>
                <term>
                  <identifier> sum </identifier>
                </term>
                <symbol> / </symbol>
                <term>
                  <identifier> length </identifier>
                </term>
              </expression>
            </expressionList>
            <symbol> ) </symbol>
          </term>
          <symbol> ; </symbol>
        </doStatement>
        <returnStatement>
          <keyword> return </keyword>
          <symbol> ; </symbol>
        </returnStatement>
      </statements>
      <symbol> } </symbol>
    </subroutineBody>
  </subroutineDec>
  <symbol> } </symbol>
</class>